ID,title,content
235443715,三更 21歲這年我差點被活活燒死,"部分回應在B117 
謝謝各位的留言，我都有看完
好的不好的，我都接受謝謝大家🙇‍♀️


（第三次更新在這邊）
B258 這邊也有講到怎麼逃生
很多人好奇我是怎麼踹門的，
在這邊跟大家說一下，
因為這台車本來就很老舊，
加上我文章說的我有停在路邊檢查，
之前有在練空手道，所以比較知道怎麼施力😥
謝謝大家的關心，其他比較有問題的我會在留言一一回覆！

後續處理的部分
租車公司的話，他有很多間公司我當時租車的地方在新莊中原路。 
我是在平台上訂的，租車公司沒有跟平台講，
是我家人主動跟平台聯繫，所有的馬3都被下架。
另外，前幾天有開事故會議，
平台的律師態度是覺得不需要賠很多錢，
因為他在談話中談到想用5000元跟我和解，
但是我燒壞的東西跟經歷了那場浩劫的我
實在是沒辦法接受
難不成一條人命只值5000嗎⋯⋯
對這個平台的律師感到非常不解
如果和解談不成的話，可能會上訴
目前車子在等待第三方鑑定，
鑑定完後會再談一次。

以下正文
2/19號這天，我跟我的朋友們要去台中吃燒烤，因為大家都住在北部，所以想說租一台車一起下去比高鐵便宜，加上大家都會開車，可以輪流開。

租車的人是我本人，因為非常臨時租車，所以我上網查到一個平台是提供租車服務，非常方便也很便宜。

這是我租車當時的資料。

https://i.imgur.com/vjtbzMD.jpg

https://i.imgur.com/sXtHoFy.jpg

https://i.imgur.com/WgZ9pnD.jpg



沒想到我當天取車的時候，老闆跟我說他派錯人手了，請我搭計程車到新莊的總站去牽車
https://i.imgur.com/95y2NVW.jpg

這是我當時去全家按的計程車證明聯。
而到了現場，老闆態度還不錯，
但因為我在台中的燒肉店有預約下午一點，
我跟他說我已經有點被耽誤了，
我還要去桃園接我朋友才能一起下去，
所以老闆二話不說叫我簽名蓋指紋章後，
立馬把車開到門口讓我出發，
是已經發動引擎的狀態。（這邊我知道我不應該沒檢查就開出去，真的很後悔）

開出去的時候都還好，
但是開了10分鐘後我要上快速道路前，
我發現我的車子被限速在60，
儀表板上面顯示我的車門沒有關好，
所以我停在路邊檢查我的車子，
我把門關好之後，又繼續開出去，
發現車子可以開到100以上以後，
我才開上五楊高架，
在這中間我發現我的引擎聲很不對勁，
可是我已經上高架橋上了沒辦法停下來，
直到我踩到100以上的時候，
我的車子開始不受控制，聲音超大開始冒白煙
我只能往高乘載道上開，
因為後面比較沒車我怕車子爆炸波及到別人
這是當時的狀況
https://i.imgur.com/2SMP49P.jpg

因為車子已經無法發動，
門也被鎖死我被關在裡面，我沒辦法跑出去
當下的心情真的很複雜，我只能想辦法把門踹開
我用了全力踹門才衝出去，
但是我的包包跟所有東西還全部在副駕上
因為煙越來越大，開始冒小火，
我沒辦法回去拿
只有手機在身上
這是當時現場的影片跟照片
https://i.imgur.com/WXZrWYF.jpg


https://www.dcard.tw/v2/vivid/videos/49754f1e-c061-44ea-b470-ebd6bd4a0401?r=1.7777777777777777


https://www.dcard.tw/v2/vivid/videos/e995985d-df5b-410f-931e-1630fdfd45da?r=1.7777777777777777

https://i.imgur.com/apkOsj8.jpg
（當時友人剛好經過提供）

火勢真的越來越大，那個廢煙也非常大，
我裡面的東西最後有被消防員取出，
但部分東西全部燒毀，已經沒有殘骸了。

這是我的車子最後被燒毀的模樣
https://i.imgur.com/pMIiQwW.jpg
https://i.imgur.com/KZslOFY.jpg
https://i.imgur.com/mSpX1eu.jpg
（照片取自ettoday新聞雲）

而消防人員鑑定出來，不是人為問題
是汽車的機械問題，
看照片看得出來是前面開始起火的。
警惕大家，以後上路前，要好好檢查車子。

為什麼過了這麼久才發出來，
其實內心還是有陰影。
幸好當時有逃出來，不然我可能已經沒命了。"
235442609,超狂學經歷！195公分帥家教徵學生,"https://i.imgur.com/REIEzSd.jpg

身高195公分的男大生楊承翰在家教社團PO文徵學生的文章被網友推爆了，網友們看到他的學經歷及成績不禁大讚根本就是學霸王，而他不只擁有高顏質，還是籃球系隊成員，超乎常人的學經歷及證書考試成績，瞬間讓網友都跪著朝聖，直呼「天哪好厲害的帥哥」、「這個當家教太可惜了」。

21歲台大學生楊承翰日前在臉書社團「家教補教學校兼全職、打工、師訓交流」發文，想以時薪1千5百元找家教學生，授課內容為英文、數學、理化、程式語言、留學申請，及SAT／ACT／TOFEL／AP等，希望能在台北範圍教學，也可接受線上教學，貼文下方也附註他的學經歷。

學歷：
就讀美國杜克大學（Duke University）大三，雙主修資工，數學
畢業於新竹科學園區實驗中學（National Experimental High School）
美國哈佛大學（Harvard University）暑期醫學研究生
國立台灣大學（National Taiwan University) 新冠專案訪問生

相關經歷：
從小在美國及台灣長大，精通中英文。
擁有三年以上的教學經驗，1對1家教經驗豐富（7+學生，科目分別為代數、微積分、化學、Python程式設計及英文寫作）。
曾任教於台北市美西留學教育顧問公司，擔任數學專科及SAT衝刺班教師。
多次擔任私人留學顧問，幫助學生錄取杜克大學（Duke University），加州理工學院（California Institute of Technology）及密西根大學（University of Michigan）等。
協助杜克大學校方開發資工系大一必修的課程網頁及作業内容。

考試分數：
SAT: 1540/1600（Essay 24/24）
ACT: 34/36
TOEFL: 119/120
SAT Chinese, Biology, Chemistry, Math Level 2: 800/800
AP English Language, English Literature, Chinese, World History, US Government, Biology, Chemistry, Physics 1, Physics C: Mechanics, Physics C: E&M, Calculus AB, Calculus BC: 5/5 （Advanced Placement (AP) = 美國大學先修課）
USA Biology Olympiad（USABO）Semifinalist（美國生物奧林匹亞準決賽入選者）

文章吸引4千多位網友按讚，超狂的學經歷背景讓網友全看傻眼了，紛紛留言「這經歷是鬼吧，好猛」、「這個當家教太可惜了」、「哇賽我還不推爆」、「來看神仙」、「這是學霸王吧」、「怎麼不去打NCAA？」

對此，楊承翰向《ETtoday新聞雲》表示，「我真的沒有想到徵學生的貼文會被受到那麼多關注。很謝謝大家給我的支持、鼓勵及建議，我也成功的找到好幾個合適的家教案件了。」
https://i.imgur.com/xWRCeuo.jpg
https://i.imgur.com/5An71PS.jpg

https://www.ettoday.net/news/20210226/1926628.htm


他會這麼高是遺傳+後天愛運動
他爸183
媽媽172
基因強大👀

另外這個學經歷收1500也很佛心
台大的家教一小時大概800up
醫學可以到1200~1500

這樣應該算很勝利了?"
235441998,我的模特界時間管理大師前男友,"看過這麼多在Dcard、PTT上的感情渣事和創作文
從沒想過如此荒謬像八點檔的事情居然會發生在自己的身上

本來以為與我交往一年的男友，是因為遠距離的關係分手，但就在我難過發文之後，我的IG私訊被各種匿名爆料塞爆，才發現交往一年的他幾乎是個我完全不認識的人（除了我被無數次劈腿，還有他幻謊症的部分，可能還有妄想症...）

 
接下來的故事全部都是真真切切發生的事情，因為整段故事實在是太過複雜也牽扯太多人，所以不確定會分成幾篇，今天就先從我們認識到在一起的故事開始講起…...

整篇故事會用K來簡稱時間管理大師前男友，涉及女主角加我有六位（Ｂ女.Ｃ女.Ｄ女.Ｅ女.Ｎ女）
 

先稍微提一下我的背景，我目前在日本留學，學校寒暑假時我都會回台灣。
所以我們屬於遠距離戀愛，但交往期間剛好因為疫情回台，我反而有很多時間可以從遠距離戀愛變成同城市戀愛。
 

2019/9月
開始聊天一直到正式交往前的曖昧的時間，他對我來說的整體形象就是外表高冷、斯斯文文、很紳士。

2019/12月
K說要去沖繩拍觀光廣告，會在跨年時在沖繩待五天，機票飯店都是廠商包，他邀請我要不要到沖繩一起跨年，我就從東京飛去沖繩找他，因為他說他跟攝影師大哥住一間房，我就自己訂了外面的住宿，在跨年那晚K牽了我的手，當晚我問了K：「所以我們到底是什麼關係？」K在旁邊自己心理建設了很久後，才鼓起勇氣說：「那你要不要跟我在一起！」
所以我們正式在2020元旦這天在一起了。


 ( 附手機照片 時間 地點 證明我沒亂講ㄛ ）
https://i.imgur.com/KbRygId.jpg

2020 1月
我因為過年及疫情而回台，但在台灣這9個月的時間，K的態度180度大轉變，在一起過了兩個月左右，K開始把重心擺在工作上，總是因為工作理由消失，說是工作室很常在半夜會有突發狀況要處理所以會在工作室過夜或模特兒拍攝工作等等。

因此我也想說不要干涉太多他的事業，但後來越來越誇張，像是每次約我出去玩，總是會因為工作的關係臨時取消改期，或直接放鳥。（後來事實證明原來都是去找其他妹子，八成以上都不是在工作）
 
K是一個小有名氣的模特兒，（他自稱）接了很多平面、廣告、戲劇拍攝，同時經營個人工作室（做App的，接很多大案子像是蝦X、吳伯毅、食物熊貓），再次強調一切都是他自稱：）
 

(附上我本人在去年八月底親自拍攝台南出遊照片，那時看到他發我拍的照片還很爽的按愛心ㄏㄏ)
https://i.imgur.com/tQ6RuSi.jpg

我在台灣的期間就一直因為他行蹤不明的事情反覆吵架沒結果，我回日本後情況加劇，愛回不回、愛理不理，也開始不願意在社群上公開我們關係。


12月初也因為同樣事情大吵，其實這時候我已經快放棄這段感情了，沒想到K在這次的溝通中卻哭了，並說：「我一個人在台灣見不到你讓我很痛苦，經過那些我們曾一起去的地方，但你卻不在我身邊，每次電話掛掉後我還是一個人很難受」。
（當下我聽到真的又驚又喜因為K很少表露情緒，但後來才知道我是傻了，K早就跟別人說他單身，還各種約妹出去^^，甚至後來跟新女友N女去的台南景點還是分手前不久跟我說很想跟我一起去的地方….）



[ 分手倒數-導火線1 ]

在12/24 K生日這天，過了12點我馬上就傳了生日訊息給K，但他卻各種敷衍消失，講一些奇怪理由說不想視訊，這邊簡單說一下生日這天的時間軸：

23晚上9點K告訴我要去跟朋友喝酒之後就消失
 -> 24日  早上10點出現
 -> 24日  下午簡單通話不到5分鐘(K匆匆掛掉)
 -> 24日  晚上出現一下之後消失直到25號早上

https://i.imgur.com/GEI5ZNw.png

https://i.imgur.com/H45jwOy.jpg
圖裡的蛋糕事後才知道是妹子送的（一個被K騙去林森北路開房間的女生，簡稱D女，後面會詳細介紹）

因為K的消失我很難過畢竟是在他生日，所以我後來爆氣，但K的說詞是K不希望在生日時視訊，K只想接收本人在現場的人的祝福，連他爸電話都沒接。（啊我你女友，我就在日本除了視訊還能怎樣…）

https://i.imgur.com/Q3O8wHy.png

https://i.imgur.com/GbTUfzX.png

https://i.imgur.com/GgwhzLO.png

https://i.imgur.com/1QEo9kP.png


[ 分手倒數-導火線2 ]

史上最爆炸大吵的一次，一樣是因為跨年想打電話給K加上元旦是我們一週年，K先跟我說他要去參加某台灣機能品牌的活動說自己會放歌，先跟我說聲新年快樂，然後一樣的行徑再度發生，從晚上八九點開始消失，到隔天早上七點人才出現…（事後發現他可能根本沒有表演，跨年也是跟別的女人過，畢竟K這時已經聲稱他單身一陣子了，就算是真的有表演，哪個情侶可以接受這樣消失那麼久，這是跨年甚至是一週年紀念）
 
這次大吵時，K在電話中說他很受傷，說他下了很大的決心想要跟我好好走下去，卻在跨年這天被我潑了一大桶冷水，他的自尊心都被我踐踏......等等的。
（把一切的錯都怪到我身上…到底錯的是誰啊…）


https://i.imgur.com/YoyPrgG.png

https://i.imgur.com/MD4PJAk.png

https://i.imgur.com/tBgKiDR.png
(痾就是出軌而且也不只出軌 ㄏㄏ 現在看到真的覺得好愚蠢）


分手-
我仍然被愛情蒙蔽雙眼，以為K真的只是太忙跟以為是不是我自己太無理取鬧，我鄭重的道歉，甚至還親筆寫了一封信寄給K，也認為這一切都會在我過年為了K回台灣時就會步入正軌，但K卻一直已讀我並冷淡對待了我20多天，期間K一直在IG上PO跟各種人出去玩樂的動態還有跟女生出去的照片，我實在受不了就退了K的IG追蹤，直到1/20 K告訴我他真的沒辦法再繼續努力遠距離讓他很無力，因此跟我分手。

https://i.imgur.com/MobLprc.jpg

但一月這段期間我完全感受不到K的任何努力，甚至我打給K想要好好溝通，K卻只是很冷淡的說「我只是接電話聽聽看你又有什麼新的想法而已」
 
基本上這時間我已經心死了，也決定慢慢放下，這段感情就讓它結束吧。
 

分手才過了8天，到了1/28我在IG上收到匿名的人跟我說K好像交了新的女朋友，一開始看到時，覺得匿名A很奇怪，也有點懷疑對方是不是只是來搗亂的人，後來匿名A給了我N女的IG帳號，看到後我直接崩潰......


https://i.imgur.com/rlpKUgf.jpg

https://i.imgur.com/DEPbmoA.jpg

https://i.imgur.com/2bGH6Pi.jpg
K跟N女一起在台南玩的動態，各種像是情侶般親密的互動...互相餵食、在食物上畫愛心，甚至是在海灘上一起奔跑（？？？？阿他在一個月前才說等我回去要一起去台南欸 ）


https://i.imgur.com/Y8ylZvq.jpg
(2021/1/28 N女的限時動態 
喔對ㄌ這家我也在去年八月底跟K去過ㄋ ^^


(下面是一個月前 2020/12/27 K 跟我的對話
https://i.imgur.com/1WSpJIR.jpg


看到這些動態後，我朋友也都為我打抱不平，實在是太生氣了就跑去私訊K和N女，但他們雙方都一副自己沒有做錯事的樣子，我也在自己的動態裡發了很多生氣的文，本來以為只是遠距離然後K寂寞難耐喜歡上別人了，啊結果N女也只是全部事情的開端而已......


(以下為我正義的朋友和K的對話
https://i.imgur.com/6s4cbsH.jpg



接下來發生的事，才能算是整件事真正的開始.......

這輩子想都沒想過會遇到這樣的人跟事情，覺得交往相處就是要互相信任，一次都沒看過手機他說什麼我就信什麼，結果完全不知道我交往一年躺在我旁邊的人虛偽病態到這種程度........
 
因為“其他事”的圖片實在太多，請再等待我整理一下"
235441259,豆皮加爆,"剛剛吃小火鍋，跟店員說不要金針菇（怕卡牙縫），於是店員幫我換其他配料..…

沒想到餐一上桌竟是豆皮加爆~

真是超開心的~有人也跟我一樣喜歡吃豆皮的嗎？

https://i.imgur.com/XIma4y2.jpg"
235442693,這樣女生該追嗎,"已經約好見面，到了當天晚上七點半才回，我是被耍了嗎 
如下圖


https://i.imgur.com/81HRQpQ.jpg
https://i.imgur.com/6lmTX1P.jpg
https://i.imgur.com/bV4X0Fz.jpg"
235441122,深夜被約砲哥開導4小時哭了,"嗨！巨砲哥 答應你的文來了😆
這是一段與約砲小哥哥談心的奇幻旅程

可憐的我情人節當天被前男友提分手
原本說好228連假要一起出去玩直接泡湯
昨天晚上一整個很鬱卒 
但又不想一直丟負能量給身邊朋友
所以就上wootalk找人聊聊
結果就遇到這個傳說中的暖男(?)巨砲哥
https://i.imgur.com/nlzrqS3.jpg

劈頭就問胸部多大⋯
本來想按離開但想說講個幹話也無妨
心想這人如果真要聊色應該會馬上離開
結果竟然還在那邊認真回我H奶有多扯🤣
然後就默默聊起來了
剛開始其實一直環繞著性話題在講幹話
他也一直在分享他的性經驗跟知識
因為我經驗不多 所以也就一邊聽一邊亂問 
整個根本當健康教育課在上XD
我表明我不會約 他也表明不會約我
所以全程我們都很放開在聊 
也完全可以感受到他沒惡意就是聊聊而已

然後聊著聊著就突然說起跟前男友分手的事
結果他竟然超！級！用！心！在開導我
因為我心裡一直抱有一絲希望想要復合
他就一直慢慢跟我講道理希望我想開放下
也希望我可以真心快樂 然後心疼我的眼淚😢
https://i.imgur.com/KBArhmW.jpg
https://i.imgur.com/KZJj451.jpg

我當下看完真的是爆哭一波😂😂
明明只是一個素昧平生的陌生人
連長得是圓是扁都不知道
卻願意花一堆時間在解決人家情緒🥺
最後整整聊了四個多小時到早上六點

因為覺得聊得蠻來所以有問要不要當朋友
我不太能接受另一半約過砲
所以真的只是抱著當純朋友的心態
就問了他要不要交換IG但不勉強
他思考了很久 最後還是決定不要
因為他覺得前面聊得有點開有點露骨
所以其實已經對我有一點遐想
考慮之後決定把回憶留在這就好
不然他怕真的當朋友會不小心對我亂來🤣
https://i.imgur.com/cVrvLy2.jpg

我是一個超級重感情的人
所以其實真的覺得蠻可惜的
雖然這位巨砲哥垃圾話很多又色到不行
但完全有感受到他真的有用心在聊
也認真想要我對自己好一點
他說自己真的是性慾很強很強的那種
可是他卻沒有因為我放下戒心就想乘人之危
知道自己有可能會傷害我
所以寧願選擇不要再繼續
我本來一直開玩笑說他天秤渣男
但這一刻發現他其實內心蠻善良的
為了好好感謝跟道別 
我也認真打了一小段話給他
https://i.imgur.com/2ZTAFke.jpg

因為聊到後來其實都有點捨不得按下離開
所以最後決定說完再見後就把對話放著
不管有沒有斷掉都是緣分
然後我剛剛去看網頁已經斷線了
心裡還是有一點點點點小惋惜🤏🏻
不過真的很謝謝他的出現
讓我這個夜晚好過一些還笑不停
雖然未來應該是沒有機會再見了
但我也答應你會好好思考不委屈自己
傻妹不會再傻下去了！
也會永遠記得在這一段失戀難過的時候
曾經有一位自稱暖男的小哥哥陪伴的😆
再見啦砲哥！
希望你有找到這篇文欸🤣"
235442321,這樣真很暴露？？？,"https://i.imgur.com/HCTwyAH.jpg
（圖片非本人）
今天逛街買了一件此類型的白色，但他有點透，所以裡面有配一件白色小可愛，但男友說還是太暴露！？想問各位男性朋友 可以接受女友穿這件衣服嗎？🤔"
235442924,泳衣+裙會很怪嗎,"https://i.imgur.com/RWJLK2v.jpg

因為馬鞍很寬
想請問女孩們會覺得加這種裙式沙龍好嗎？
怕會不會很奇怪
看模特兒穿又覺得蠻好看的
怕實際穿出去會怪怪的"
235441419,關於一個860的訂製蛋糕：）,"手機排版請見諒😖🙏🏻（圖多）
先說這不是我第一次訂購訂製蛋糕
也了解訂製蛋糕不可能跟圖上一樣完美
看到這間的ig上照片都很漂亮才選擇這間的

https://i.imgur.com/fETTnah.jpg
這張是訂購時給的參考圖

https://i.imgur.com/XsBjPYR.jpg
這張是我拿到後打開的樣子

以下附上對話記錄
https://i.imgur.com/T4ltnFb.jpg
https://i.imgur.com/SpxIjoN.jpg
接下來是拿到蛋糕後的對話記錄
https://i.imgur.com/5WI4a23.jpg
https://i.imgur.com/LQDoLX4.jpg
https://i.imgur.com/NdtVoCa.jpg
https://i.imgur.com/qDxwnMV.jpg
https://i.imgur.com/rBkwgad.jpg
https://i.imgur.com/8u6iNzV.jpg
https://i.imgur.com/Xw0Cg1q.jpg
https://i.imgur.com/rLax4qm.jpg
https://i.imgur.com/qGMtxhl.jpg

本來真的很期待這次的蛋糕
也想說很怕染色或放太久品質變差才會當天拿也是當天要吃的
一拿到打開來長這樣真的很失望
跟圖片差很多就算了跟我當初說想要的樣子也完全的不一樣
說要退$30也只讓人覺得很敷衍"
235440762,有女生提醒我男友吃早餐,"https://i.imgur.com/6Yk9etg.jpg
想在這裡問大家有沒有接到這種電話⋯
我男友前幾個月有接到一次，電話內容就只有女生用嗲嗲的聲音提醒我男友吃早餐這樣而已。電話掛了之後男友也有跟我說是他不認識的。

但因為自己心裡存有懷疑，隔天在上班的時候有叫男同事用我手機打過去問（男友有給我她的手機號碼截圖

男同事一開始就問她是不是那位提醒自己吃早餐的那個女生，後來女生就說是的沒錯。（那個女生明明就沒打過我的手機問我吃過早餐了沒

男同事後來問她是為了什麼，要這麼突然打來問我吃早餐了沒，彼此都不認識。
後來女生說是公司叫她用這個方式當作語言訓練的。

今天男友又收到這個女生的電話，電話內容也是在提醒我男友吃早餐。
到底是怎麼樣的公司會一直叫自己的員工打電話給陌生人問這種鳥問題？？？"
235442777,#分享 2款日系春季妝容🎏,"https://i.imgur.com/TzBEmac.jpg
嗨嗨大家晚上好🤍
今天分享兩個春天的日系妝容給大家！
剛好剪了頭髮換了個髮型 自己蠻喜歡的☺️
第一次把頭髮打那麼薄 很有日系的感覺！
（這次分享的兩個妝容剛好剪頭髮前後）
你們覺得呢～～不好看我也變不回去了哈哈
好了不囉嗦有興趣的跟我看下去✌🏻

.
.
.
.
.
.
今天分享兩個妝附上久違素顏給你們對比🥲
https://i.imgur.com/z6RFgSc.jpg


1️⃣第一組先分享封面的妝容！（剪完髮）
https://i.imgur.com/U3zWXgn.jpg
這組私心分享自己大愛的橘色妝容
為了讓整體看起來柔和眼線筆跟睫毛膏都
選擇帶有顏色的！
⬇️附上彩妝品跟眼妝教學
https://i.imgur.com/TemQTc6.jpg
☑️眼影｜NARS Exposed Cheek
這個的打底色我用Nars膏體腮紅來做打底！
當腮紅會有點不均 但上眼睛還挺好用的
不會斑駁不均！但要用手上。
☑️眼影｜Colourpop｜
Perception Shayla X Pressed Powder Shadow Palette
這盤發色很好會微飛粉所以沾取的量
要少然後慢慢堆疊。
☑️艾杜紗｜眼線筆｜絕不失手眼線膠筆#04鉛丹橘
芯非常的細很好畫 試在手上感覺持妝不錯
（之後出門再給大家更新持久性）
☑️艾杜紗｜睫毛底膏#RS02勃根地粉
是非常非常低調的粉色不會很明顯
擦了感覺溫溫柔柔 但沒什麼濃密作用
（可能因為我們在上睫毛膏）
☑️艾杜紗｜艾妳愛妳潤唇蜜#03亮橘
上嘴是薄透自然感不會很橘很嚇人
挺日常的 建議可以先用裸色打底畫唇型
再疊加這個！
⬇️眼妝部分
☑️上眼影
1塗整個眼窩
➡️2塗在雙眼皮折後再疊擦3在眼尾處。
*可以最後在眼中疊擦moomstone也很美！
☑️下眼影
用1塗滿整個眼下在中間處疊加一點3的亮橘
這個眼妝就完成啦🤍🤍

2️⃣（剪髮前）
https://i.imgur.com/Eyo84oq.jpg
第二組用今年春天日本流行的紫粉色為基底
整體會給人感覺比較成熟沈穩🥀
⬇️附上彩妝品跟眼妝教學
https://i.imgur.com/U2WiY8C.jpg
☑️眼影｜MAC｜
Shiny Pretty Things Goody Bag: Smoky Eyes 
（這盤是組合裡的攜帶型迷你眼影排）
☑️眼影｜BOBBI BROWN｜
Luxe Eye Shadow - Moonstone
這顆單色眼影閃片超級超級美 
隨便擦隨便美 也可以拿來打亮眼頭眼下！
看起來是很金但上眼是混著白色珠光
不是那種很嚇人的金色大亮片（很細緻）
很推新手買👌🏼直接單塗打底色在用手上在
眼皮中央瞬間升級妝感！！
☑️眼線｜D.KISS ME零阻力經典復古棕眼線
我好像沒說過這隻一直是我的摯愛眼線液
因為我用眼線筆一定會暈（用過很多都是）
所以我都拿這隻畫內眼線完全不會暈
眼妝乾淨一整天的秘密🥰
雖然是棕色但其實上眼比較像黑色
但不會死黑就是很深很深的咖啡。
☑️腮紅｜倩碧小花腮紅#15紫羅蘭
小花腮紅發色不太好需要多上幾層
我自己很少用💧💧
☑️口紅｜Tom Ford 細白管 03 Nubile
擦起來是偏粉的乾燥玫瑰色
不會過粉顏色調的恰到好處。
⬇️眼妝部分
☑️上眼影
1塗在整個眼窩
➡️把2塗在雙眼皮折中後方然後暈染開
➡️用小刷子沾取3打亮眼頭或眼下
如果想要加強眼皮閃度可以再疊1在中央！
☑️下眼影
用1塗在中後部分之後再尾的地方疊擦2
這個眼妝用鬆散的小刷子就可以完成💓

今天的兩個日系妝容分享就到這 
希望你們會喜歡😘
有問題留言謝謝觀看🤍🤍
妝容實拍小影片⬇️（好不習慣這個髮型）
https://www.dcard.tw/v2/vivid/videos/736d3093-7973-49b8-8793-835beb321063?r=1.0"
235443580,This is SHINee Five💎,"這次SHINee回歸有一些溫暖的小細節想要跟大家分享
所以就又上來發文了🤪
在看文章之前，當然還是有幾句話想說
雖然不知道是保持著什麼樣的想法在看這篇文章
但是希望能夠記住SHINee永遠都是五個人這件事
這也是一直以來成員們在努力傳達的訊息

https://i.imgur.com/2wg33k2.jpg

首先在去年三個哥哥們全部退伍相聚在一起的時候
起範在自己的IG上上傳了這張照片
一開始看到這張圖大概是高興過頭了
所以沒有察覺到什麼
直到有粉絲發現溫流蹲下去那裡留著一個位置😌

https://i.imgur.com/OloL2a5.jpg

回歸時（當然更早之前泰民也有發過）
泰民跟珉豪不斷的在自己的IG上打了SHINee five這樣的訊息
崔多情最近也很準時的每天在5:25分的時候上傳IG照片

https://i.imgur.com/X0KHBUm.jpg
https://i.imgur.com/aMIt3WB.jpg
https://i.imgur.com/acCscHP.jpg

還有關於珉豪耳麥這個部分
前面已經有文章提到，我就不多解釋了
他的耳麥上面刻了Poet | Artist（鐘鉉的專輯名稱）

https://i.imgur.com/dpb3wwJ.jpg

再來是前幾天官方釋出 <Don’t Call Me> SHINee reaction的影片
看著MV的畫面，泰民脫口說出的是五個人

https://i.imgur.com/iPwXX3A.jpg
https://i.imgur.com/Bm9Ynn7.jpg
https://i.imgur.com/vATa8Sv.jpg

有粉絲發現在官方釋出的Performance舞台後面的背景上掛著五個相框
除了有成員照片的四個相框以外
最右邊那個空白的相框被推測是鐘鉉的

https://i.imgur.com/G2rmpH5.jpg

最近SHINee也跟真露合作，推出了聯名燒酒
然而鐘鉉曾經在推特上說過自己的姊姊很喜歡神話
而神話當時推出的週邊是啤酒杯
所以就跟姊姊承諾十年後SHINee也要做一樣的
現在成員們也算是幫他完成這個承諾了😌

https://i.imgur.com/5O92diV.jpg

翻譯：演唱會結束回到家姐姐說辛苦了
說神話演唱會也是今天結束... 
還跟我炫耀了神話的周邊
是啤酒杯...說你現在還做不了這種吧....我也要在十年後....做啤酒杯....

https://i.imgur.com/26rcMGQ.jpg

在SHINee新團綜的其中一個片段裡
溫流唱了SHINee歷年歌曲的 Highlight medley 
而他唱的那些歌曲part都是鐘鉉的part
(懶得找其他影片連結，就貼我自己在ig上發的😂
如果想要看更多SHINee的分享，也歡迎追蹤～）

https://www.instagram.com/tv/CLrrlNKnSjL/?igshid=1hka4c6k9ioow


最近SHINee上認哥的時候
希澈也在節目中提到SHINee五個人這件事
與其說是刻意強調，他的語氣是自然脫口而出的
因為都是從出道以來就看著長大的孩子們
所以絕對比誰都了解
還有在最後的大合照也藏了很溫暖的細節
希澈那個拍照動作是我們鐘的招牌動作啊🥰
真的很謝謝希澈哥一直以來這麼照顧我們家孩子們💙

https://i.imgur.com/JcudWCd.jpg
https://i.imgur.com/i5kwuZn.jpg

當然除了希澈以外，還有很多很多SM家族的前後輩跟其他演藝圈好友這次都發文幫忙宣傳了SHINee的新專輯🥰
特別是允浩還義氣主持了SHINee專輯發佈會
也熱情出演了團綜🤣
果然是我的紅藍閃❤️💙💎🥲
（團綜真的超好笑，一定要去看！！你會笑到頭掉）

https://i.imgur.com/rZGkBFa.jpg

然後私心大推SHINee翻唱 IU <Dear Name>跟這次非主打<Kind>的片段
真的真的真的很好聽🥲 
完全展現SHINee抒情曲的Vocal特色
IU自己在節目上也特別提到了溫流自始至終很清澈的vocal
說是理想的歌聲，很想要這樣的聲音😌
還希望未來兩個人能夠一起合作（拜託 絕對要🥲

https://youtu.be/F5YmLkh8nV4

https://youtu.be/VizAXeS3S-g

也謝謝IU幫忙宣傳🥺（我要敲碗合作曲！！
https://i.imgur.com/7OyCo8Q.jpg

每次看到很多人都會留言「少了一個人」之類的留言
就會覺得很…嗯…
因為在粉絲眼裡，其他成員一直都很努力的在完成他的夢想
帶著他的意志，繼續用SHINee的名義在活動著
他們一直以來 也 從 沒 有 說過「我們四個人」
而是「我們五個人」這樣的話
對於SHINee願意繼續活動這件事
套用一句之前起範對寶兒說過的話
「無論你做什麼我都喜歡，所以只希望你能繼續活動」
我想這一定也是他最希望看到的事
我們鐘也會覺得很驕傲吧😌💛
https://i.imgur.com/yYyaA1c.jpg

SHINee <Don’t Call Me>也請大家多多支持☎️❌
（雖然我們家孩子最近朝著喜劇人的方向前進…）
但入坑絕對不虧！！也不嫌晚！！
最後附上昨天的Ending妖精崔珉豪🤣🤣🤣
（都是跟某金學來才變成這樣的🤷‍♀️）
第一個把音放舞台搞成這樣的14年次偶像😌
讓我們期待明天的結尾妖精又是哪位奇葩😆

https://www.dcard.tw/v2/vivid/videos/34329ed6-b521-488f-90cd-fa142fb28ade?r=0.5625

https://i.imgur.com/AW8Yaco.jpg
https://i.imgur.com/3HKQ1kc.jpg

月亮24小時一直都在❤️🌙

———
補上今天李珍基在音放採訪的時候
一個很溫暖的小細節😌
對每個成員都說了사랑해之後
最後對著天空也說了一句사랑해💛
永遠都是最相愛的五個人🥰

https://www.dcard.tw/v2/vivid/videos/231fd5a1-09e8-4d3e-a760-2fd20abd1897?r=0.525"
235445725,咦 你真的看清楚了嗎,"因為跟藥妝有關所以發在美妝版
如有錯版請告知 會撤除感恩

不知道大家常不常逛藥妝店ㄋ
身為一個年資一年ㄉ藥妝店店員ʕ •ᴥ•ʔ
很常遇到大家關於價格的疑惑
這邊先上個圖
https://i.imgur.com/j71jszs.jpg
https://i.imgur.com/NorjS2k.jpg
https://i.imgur.com/u5rNUyn.jpg
https://i.imgur.com/y5QFVxN.jpg
https://i.imgur.com/bG5LQcO.jpg

仔細看這些圖
你會發現每張都有兩個數字
最常遇到 客人會疑惑
咦這不是一個____錢嗎？
但其實這是買一送一的平均一件的價格
或是第二件五折的第二件的價格

公司不曉得為了迷惑還什麼的
很愛把數字放超超超級大
導致很多客人會誤會
但你要說這有錯嗎
其實是也沒有
只是相對來說挺不友善的
對外國人來說 或者習慣看看就拿的客人

我也覺得很煩也很討厭這種標價方式
因為常常被罵被客人白眼
但沒辦法這種商品的標價pop就是會用這種公司制式的紙 所以拜託部分ㄉ大家不要罵我們🥲

請大家逛藥妝店的時候看好看仔細再拿
不然結帳的時候肯定會有很多多多多多的疑問

下台一鞠躬👽"
235443656,「Rap」不能亂發音,"一個跟日本朋友說rap 而講錯意思很丟臉的故事(ノ_＜)
https://i.imgur.com/DVZ34Dl.jpg
https://i.imgur.com/jyud5zi.jpg
https://i.imgur.com/TWabp61.jpg
https://i.imgur.com/WAWKBIY.jpg
https://i.imgur.com/C8QEJD8.jpg
https://i.imgur.com/FiAGPcV.jpg
https://i.imgur.com/TOlItBI.jpg
https://i.imgur.com/OulHTEJ.jpg
經過這次的丟臉經歷後，每次講到rap都會很小心！
深刻記得朋友那個關愛（看白癡）的眼神🤣
在此跟麻天狼的粉絲道歉m(_ _)m（得罪了好多人）
希望旁邊的日本人都沒聽到🥲

—————————————————————

饒舌（Rap）的日文= ラップ
強姦（Rape） 的日文=レイプ

是說ラップ（rappu)除了是指rap 的意思外，也可指保鮮膜哦！

 不定期更新，有興趣的朋友可以到下面IG連結看看～～感謝各位╰(*´︶`*)╯♡

https://instagram.com/minminartjp?igshid=goz3al81dq8w



————————————————————
更》   
謝謝每個按讚及回覆的大家！沒想到一天就超過一千人進來觀看，真的很受寵若驚，非常謝謝各位！m(_ _)m
還有只寫了麻天狼就有這麼多ヒプマイ粉來留言，真的很謝謝！ 補上個簡單畫的麻天狼，希望你們喜歡😊

https://i.imgur.com/SnWZHcZ.jpg"
235442863,heme新出粉底液使用心得！🥲,"今天的主角是這一位
heme輕透柔光粉底，有SPF50+***
https://i.imgur.com/oV9nTfb.jpg

heme又投射榴彈來炸我！！！
前幾天被各種燒到這瓶🤣外觀真的有夠美
馬上衝到附近藥妝店試試看
But有聽朋友們說那個壓頭真的不是普通的難壓
我還不信邪🤣想說，我MAC的壓頭已經夠難壓了
我不信heme的會比它糟
結果現場試色的時候，整個粉底液噴到我衣服上...
而且它沒辦法控制那個量🤣我本來試色只想試一點
影片我剛壓下去的聲音就知道有多難按哈哈
https://www.dcard.tw/v2/vivid/videos/7dffb451-f810-4e1d-a098-68962ccd770b?r=1.3333333333333333


原本膚質就是泛紅這樣
https://i.imgur.com/f03x5Em.jpg

上完粉底液 我用的是最深的03 sand
而且我覺得遮瑕度大概3或4（滿分10）
（應該是heme主打裸肌妝感 所以遮瑕度偏低）
沒有上任何的修飾乳跟遮瑕膏
上妝時間大約8點多
https://i.imgur.com/pZi5auS.jpg


在外面吃完回來之後（底妝在臉上大概三個小時）
而且因為疫情出門都有戴口罩（除了吃飯）
結束午餐大概11點多
https://i.imgur.com/c390z2D.jpg


睡午覺前的妝感還算正常
大約一點多
https://i.imgur.com/rjmlfF3.jpg

睡個午覺起來的妝感
粉底液好像比較水潤，所以有出油
起床大約兩點多接近三點
https://i.imgur.com/kVmwzt6.jpg

大概蓋了一層透明蜜粉上去（好像於事無補）
https://i.imgur.com/iScyJFz.jpg


這是剛剛回到家的妝感
已經嚴重斑駁～然後脫妝嚴重
畢竟這瓶遮瑕度本身就不高，而且我口罩也戴整天
（那個口罩痕非常明顯）
到家大概10點半左右
https://i.imgur.com/1o1dKwB.jpg

而且昨天買完粉底液回家看到查理直播
她就剛好拿出這瓶說
她不覺得這款粉底液有好用到需要介紹
所以她就沒有合作(；▽；)

這次整天使用下來我也沒有覺得它有特別好用
缺點：壓頭難按，遮瑕度不高，容易斑駁
優點：有防曬係數，對皮膚瑕疵不多的人妝感會很透，粉底液蠻滑順的，瓶身跟包裝本身蠻有質感的

今天台南蠻熱的，而且整天戴口罩騎機車
脫成這樣不知道算不算嚴重XDD.....
https://i.imgur.com/8v2Brgf.jpg

以上心得
如果不是因為瓶身很美有燒到我
我應該不會買它🥲🤣🤣🤣壓頭超難用都亂噴
我之後應該會把它拿來上彩妝課用的粉底液吧🥲
失望😭😭😭😭😭"
235442986,😥韓國男團遭種族歧視事件,"因為疫情原因，去年到現在歐美確實都有點排斥亞洲人傾向（但不是所有歐美人 只是一部分 還是有很多友善的
所以才發到追星版 因為不管今天是那個亞洲藝人都會被這樣攻擊 也讓大家了解一下在疫情的情況下亞洲人在歐美的處境

前幾天因為bts在 mtv unplugged presents的表演

一位德國電台主持人說，防彈少年團就像Covid-19的縮寫，他希望有針對BTS的疫苗很快會出現。
並且公開譴責bts cover一首Coldplay的歌曲，說BTS為此值得在朝鮮享受20年的假期(意思是丟去北韓
並罵 Keliner pisser 意思就是混蛋 
（這個電台在德國蠻有名的

補：
大家可以去自己看一下可以去查查mtv unplugged presents這個節目之前都是誰上的，

本身BTS能在MTV Unplugged Stage表演就是在打破glass ceiling，也是打破kpop甚至是亞洲人的刻板印象
https://i.imgur.com/ZGfaIIZ.jpg



😥但是在有些含有歧視心理的人認為
亞洲人上這個節目等於侮辱
在他們來看這是亞洲人不可染指的地方。
同時mtv unplugged presents能上的大部分都還是很「白人」的音樂

這次爭議鬧得非常大，前兩天推特上全球熱門直接洗版
全球阿米和外國的亞裔聯合起來 也都在要求主持人道歉
我在德國🇩🇪留學的朋友也覺得非常生氣 
已經在寄email 了

👉各位如果想去Twitter 了解 
可以搜
#RacismIsNotAnOpinion

 #Bayern3Apologize

 #Bayern3Racist 

#RassismusbeiBayern3 

Bts在歐美的唱片公司哥倫比亞也出來反對
實際上這已經是對亞裔的種族歧視了
https://i.imgur.com/vW9mJQy.jpg

索尼音樂也表示強烈譴責對亞裔的種族歧視
https://i.imgur.com/CY43OE9.jpg

韓國媒體也報道了
https://i.imgur.com/Fom6040.jpg


補充說明
coldplay這首歌性質特殊，他們不輕易讓別人cover
防彈cover是經過許可的了
最後給大家帶來bts cover 的fix you

https://youtu.be/60g72d4Nqss


—————————酷玩親自轉推
https://i.imgur.com/Mu92v7y.jpg
https://i.imgur.com/IzG301y.jpg
https://i.imgur.com/vsPdrMO.jpg"
235445918,158の發胖開學五套日常🥀,"大家開學好！
今日分享開學一週日常～～
看完會發現我的穿衣sop 😂
真的很喜歡在外面搭一件背心
更有層次感不會那麼無聊！

身高158/體重53⋯⋯⋯⋯
乖乖的穿長裙寬褲把肉通通遮起來了！！

先分享本週的最愛！
只不過有的人可能覺得很老氣🤣
https://i.imgur.com/Vlzx12q.jpg



開始囉！



1.Monday/
可可針織上衣+普通黑西裝外套+格子長裙
https://i.imgur.com/IyvTj3v.jpg
https://i.imgur.com/TjAFkLI.jpg
2.Tuesday/
黑色針織上衣+灰外搭背心+小黑格長裙
https://i.imgur.com/sojsPDn.jpg
https://i.imgur.com/CKeVWph.jpg

3.Thursday/
粉杏西外套/霧藍襯衫/內搭透膚上衣/米色寬褲
https://i.imgur.com/qXxhpYO.jpg
https://i.imgur.com/eGzr6HC.jpg

4.Friday/
白針織上衣/格子外搭背心/黑針織長裙
https://i.imgur.com/3Uo7Huf.jpg
https://i.imgur.com/V2HpAMy.jpg

5.Saturday/
白針織上衣/杏色綁帶長裙
https://i.imgur.com/JEBJVyC.jpg
https://i.imgur.com/rR2ZjwR.jpg



最後分享昨日到net發現的褲子🤣
個人覺得 竟然穿的下😂😂😂
https://i.imgur.com/47htfx3.jpg
https://i.imgur.com/BgFeLJD.jpg
分享完畢，謝謝大家♡"
235449149,我要談戀愛，沒要買靈骨塔😑,"這是一個關於靈骨塔
也關於一個愛情的故事

⋯
操😃
————————

一年多前，身為單身俱樂部長老的我
下載了探探，為了力求脫單
狠下心買了一個月的會員

開始滑滑滑，瘋狂全部往右滑😃
只要不是風景/寵物，我全都往右😃

終於！配對到一個感覺不錯的男生
我們就開始聊天
聊了大概三天後，對方約我去放天燈

我打電話給朋友，緊張的問怎麼辦

朋友驚天動地的聲音
「去去去！快點去！天啊你終於有人要了！」

我🥲
「幹你娘，可是天燈污染環境欸！⋯
算了！我之後再彌補這顆地球，為了愛情，
我先豁出去一下。」

於是我就開始期待那天的到來。

—————————

到了那天，我們約在板橋捷運站見面

我先到了，所以在原地等
等啊等的，忽然一個男生出現在我面前

他穿著白色西裝，180
哇幹！好帥喔❤️

我先開口打招呼
「嗨，你穿的好正式喔，哈哈哈」

他禮貌的回答
「對啊～我早上被臨時叫去開會～」

我依舊禮貌地開了小話題
「辛苦啦～阿可是板橋有天燈可以放嗎？」

他指著旁邊的板橋花市
「今天天氣不太適合放天燈，不然我們去逛那花市吧」

我點了頭，就這樣一起並肩走過去花市。

—————————
逛完花市之後，我們決定吃個下午茶
他說有一家咖啡廳很有名

有什麼竹炭咖啡的，我忘了😑

進去咖啡廳後，他都推薦了
我當然就點了竹炭咖啡來喝

⋯
嘿對！我白癡！😑
喝了幾口發現自己整張嘴都黑的😑
當時說多尷尬就多尷尬，

對方看著我說
「欸我其實稍微會看面相喔！我幫你看看！」

我眼睛發亮🤩
「真的嗎！好啊！」

然後他端詳了我俊俏的臉龐一會
「恩，你的命格比較奇特，你如果現在不努力吼，
以後會很吃苦，但你現在若是努力，以後會飛黃騰達」

我歪著頭 沒回話的看他
「？？？？？？？」

他依舊繼續解釋，我依舊喝著竹炭咖啡。

————————

吃完下午茶後，他說他有資料放在公司
要回去拿一下，問我要不要陪他去

我當然好啊！反正搭公車兩三站就到了

於是我們就搭車過去
到了目的地，他邀請我上去

我
「我在樓下等你好了，這樣很尷尬欸」

他
「不會啦，我拿完很快就走」

我點了頭，便跟著上去⋯

—————————

叮咚！電梯門打開了

是一個類似大型會議廳的感覺
裡面坐著很多穿西裝的人
拿著一堆資料在跟很多年輕人講解東西

他
「你坐一下，我很快回來」

我
「哦⋯」

坐下去大概兩三分鐘，他回來了

他手上拿著一堆資料
「既然你都來了，那我就跟你介紹一下我們公司吧，
我們公司是賣靈骨塔的⋯⋯」

然後他拿出紙筆，坐在我對面，
直接寫反字給我看😑超屌的😑

禮貌性的我，不忍打斷

他便開始滔滔不絕
「現在啊，如果你有拉到下線啊，
之後成交你可以抽成⋯」

吧啦吧啦的大概半小時⋯
我終於受夠了

我很認真的直接拒絕
「抱歉，我還有事，我沒興趣」

他愣住
「咦，你剛剛怎麼沒有說你晚點有事？」

我沒表情的看著他
「這不需要跟你說吧？」

拿起包包，我就直接走人。

———————

最後我在捷運上，氣的半死
還亂搭到景安站，跑去亂吃東西
吃完才乖乖搭回去

回到店裡，同事們看我回來了
全都聚上來
「欸欸欸！結果怎樣！！！」

我放下包包，深吸一口氣
便開始破口大罵，配上大量手語和髒話
激動的講述所有的遭遇⋯

而聽完故事的同事全部笑到瘋掉
我也氣到快瘋掉😑


於是我的愛情和靈骨塔的故事
就在這一整片笑聲中落幕。
————————


想當然
我不可能跟你們說
那個靈骨塔的公司叫慶云

我也更不可能跟你們說
回去房間後，上了廁所
看到大便超黑的時候

我還以為自己氣到生病，幹😑"
235447384,減肥 人生巔峰61➜50 #圖 #更,"第一次發文 排版請見諒🙏

-正文

身高153
我高中三年人生巔峰就是61公斤 
起初剛升高中54 
可能高中美食街食物太好吃（？

https://i.imgur.com/QZMBOrO.jpg

這時候59公斤
圖中跟朋友去台北玩 當天我其實穿長褲 但因為真的太熱就跑去H&M買短褲穿 那時候還覺得自己腿很細（？


https://i.imgur.com/hcexTTU.jpg

這是人生巔峰61公斤 

經歷了四個月我減了11公斤

這四個月我完全沒覺得辛苦
反而很輕鬆（？

https://i.imgur.com/rpV3anP.jpg

https://i.imgur.com/xSoomVm.jpg

https://i.imgur.com/7dF4VjW.jpg
今天早上拍的


https://i.imgur.com/VFCN372.jpg

臉跟腿應該都有蠻明顯的落差吧！

我身邊的朋友看到我之前61公斤的照片跟我現在本人，都覺得太不可思議，根本不是同一個人🤣

最後，祝現在為減重所困的大家，都能成功！
我其實是一個超會半途而廢的人，但我成功了，你們也可以！

-更

我統一回覆在這～

其實我媽媽比我還要重視我的身材，所以她看到我身材逐漸不妙，她就開始阻止我吃各種東西，還會教我怎麼煮便當

https://i.imgur.com/CGG54ew.jpg

這邊是我之前在學校中餐自己帶的便當（水煮較多）

我其實也會吃澱粉但晚上基本上不太吃
之前很極端嘗試晚餐只吃蘋果，6點後不進食
然後不運動，結果完全越減越肥

目前最有效的方式（不是很專業，但確實有瘦下來）
每餐吃7分飽（甚至有吃就好）
每天都喝氣泡水（幫助排便💩！）
8點後不進食
我基本上一天只吃兩餐 （中餐、晚餐）
早上我通常沒什麼食慾
一個禮拜會至少去一次瑜伽課
一個禮拜會花2-3天在家裡自己跳舞，大概跳2-3小時（韓國舞或是Jazz)
每天抬腿
每天量體重

—以上

我還是會放縱自己喝手搖
我之前幾乎一天一杯，還會把手搖當成一餐
現在上大學很少喝，有時候兩個禮拜一杯或是一個禮拜一杯
我非常建議可以在生理期來的時候放縱自己喝一杯手搖（我現在在實施）一個月一杯！

https://i.imgur.com/gXFYZ9V.jpg

有什麼問題可以再問我🥸"
235443209,十二星座的女孩會如何懲罰渣男？,"【全篇內容純為虛構】
觀光船生意冷清，船上只有十二個臭著臉不發一語的女子。
-
船開了很久，一名女子打破漫長的寂靜，開始分享自己臭臉的原因是被渣男騙了。她一說完故事其他十一位美女同時驚呼，因為她們也都被渣男欺騙了。
-
以下是這十二位女孩復仇的故事。
-
【故事一：Stacy，水瓶座，有創意的設計師】
聖誕夜那天我男友騙我說要出差不能陪我，但我知道他其實是去陪他乾妹。所以我穿著泳裝闖入他乾妹家，拿著巨大灑水器瘋狂掃射。
-
「你當時不是說你們只是乾哥乾妹嗎？」我拿著強力水管狂沖那對狗男女：「你們現在是濕哥濕妹囉。」
-
【故事二：曇，天蠍座，敢愛敢恨的刺青師】
我男友上次做到一半偷拔套說自己有戴，所以我在打分手砲的時候，把加了辣椒和萬精油的潤滑液抹在他的屌上。
-
【故事三：蓓蓓，天秤座，講求公平的系學會長】
我的前男友把我當成煙霧彈、還說自己恐同，卻私下在軟體上說自己不分偏一喜被異男幹。所以後來我就專挑學校裡所有他喜歡的異男來交往。
-
老娘不但要讓你難忘，還要送你滿滿的異難忘。
-
【故事四：雅琪，金牛座，外柔內剛的護理師】
-
我前夫騙我婚後會和我過著兩人的幸福生活，沒想到結完婚他就把我帶去跟他爸媽住，我才發現他是媽寶，他媽則是嚴厲的惡婆婆。
-
我咬著牙討婆婆歡心，過了兩年不能回娘家的奴婢生活後，我婆婆終於把我當成親女兒來看。
-
所以我跟前夫離婚時，我婆婆還聽我的勸，把他趕出家裡，要他學會獨立。要知道，他連自己洗衣服都不會呢！
-
【故事五：黑妞，白羊座，勇往直前的陣頭妹】
-
上禮拜窩發現窩ㄉ男人拿窩ㄉ錢改車載其他妹仔，窩生氣的問他為什麼騙窩，他哭著說：「老婆，窩怕尼生氣，所以沒跟尼說壓。」
-
狠狠揍ㄌ他一頓後，滄桑的窩在他旁邊抽著菸：「現在尼不用怕了，因為窩已經生氣了。」
-
讓他ㄅ再害怕，是窩最後ㄉ溫柔。

【故事六：何小姐，獅子座，充滿領導力的議員】
-
我召集了我前男友的所有前女友扮成服務生，去他的婚禮會場臥底。
-
當我前任對新娘說「我只愛你一個」的時候，我們全都走向新娘，告訴她，她那愛吃回頭草的老公，在三天前「分別」傳訊息問我們願不願意和已婚的他重新開始。
-
【故事七：呂荷，雙魚座，追求浪漫的聲樂家】
-
抓到同居男友騙走我所有錢的那一晚，我深情的告訴他，愛情中最讓人竊喜的就是謊言。我愛他。
-
隔天我把他的家具全都賣掉、用了他的名義借了他騙我的錢，並在空蕩蕩的屋子裡留了一朵玫瑰花。
-
愛情中最讓人竊喜的就是謊言。
-
【故事八：虎妹，射手座，從不認輸的遊戲實況主】
我前男友偷偷外流我的大尺度照片去炫耀後，我就跟他分手了。現在我天天都在直播他洗澡的畫面，而他還是不知道我把那四十個針孔攝影機裝在哪裡ww。
-
【故事九：家慧，處女座。注重細節的策展人】
我很仔細的紀錄我的攝影師男友每次騷擾模特兒被我抓到後，說「下次不會了」的次數。61次。
-
所以我在交往的第61個禮拜，為他辦了為期61天的展覽，在展覽上請了61位記者與攝影前輩面前，公布了他騷擾模特兒的61張證據。
-
注重細節的感覺真好。
-
【故事十：露娜，雙子座，善變的檳榔西施】
-
大我十歲的男友騙我他單身，而且他論及婚嫁的無辜女友還來跟我談妥離開他的條件。但畢竟我們都是雙子座的，所以我們和平的談完後，就立刻轉念，手牽手拿著球棒去砸他的愛車。

【故事十一：嘉芸，巨蟹座。人緣超好的可愛球經】
在我抓到我家北鼻第六次帶學妹去看夜景時，我終於打了視訊電話給他。
-
「寶貝怎麼啦？我現在在跟阿德吃宵夜啊。」我男友沒開視訊鏡頭。他每次都用阿德當理由。
-
「怎麼可能啦！北鼻你騙我，壞壞。」我在視訊鏡頭中餵阿德吃蛋餅，還親了他一下：「現在跟阿德吃宵夜的是我唷！」
_
【故事十二：藍莓，摩羯座，勤奮至極的大四書卷獎美術系學姐】
-
我為了我前男友做完所有畢製的工作後，他爽朗的告訴我，他把我當成好兄弟而已。所以我在畢製展演的前一天申請休學，帶著畢製的檔案和展覽品消失了一個月。後來他們畢製當然被評為0分。
-
陪我一起延畢吧，兄弟。"
235441398,#黑特 在IG上買衣服第一次踩雷,"首先因為看到朋友發限動才看到
於是就點進去看他的衣服 
覺得兩件衣服500還蠻可以的且衣服看起來也不錯
就開始找朋友一起湊2000免運
一開始跟他詢問衣服是否有貨的時候都很正常態度也沒有不好
https://i.imgur.com/U12Dk8l.jpg
然而實際收到貨後發現少寄一件衣服還有一件衣服顏色給錯
於是密了店家但處理態度很不積極
很明顯看到他很久才回覆
且態度也很消極好像賣出去就不關他的事了（？
https://i.imgur.com/67PRlbR.jpg
https://i.imgur.com/3klziO9.jpg
什麼叫算你的時候我沒有說要襯衫？
貼文明明有打‘‘一套’’500 
https://i.imgur.com/GFmVwgc.jpg
錢明明也給我算500 是在哈囉？
https://i.imgur.com/DPUzMGt.jpg
本來還想說應該會補寄沒來的衣服卻沒有
一直在裝傻 根本不想處理吧==
https://i.imgur.com/GjgYfDo.jpg
上面明明還說我沒有要襯衫
下面又變成以為我要襯衫（？
確定是有看懂字嗎？
https://i.imgur.com/LrCciPD.jpg
https://i.imgur.com/HF2Dvn7.jpg
https://i.imgur.com/WhuDqK8.jpg
最後終於等到他要退款給我
也跟我說了2/10號退款 那時候想說那邊已經要過年期間了應該各大郵局銀行都沒開吧
還特地去查一下營業時間 想說還是會用網路轉帳的方式 
覺得不保險 於是詢問他是不是網路轉帳
他也回我對 於是我2/11去看有沒有有轉帳了結果卻沒有 當下就密他是不是忘記匯款了
他2/12回我退款多少 
我當下整個無言== 而且從12號到現在一直沒有回覆
https://i.imgur.com/OstkBYM.jpg
在這期間還發現他把IG帳號改為不公開
現在是裝沒事不想處理了？？？
就在26號問我一位還有追蹤他的朋友 他有沒有在發限動 發了什麼
於是告知他有發過限動還是說關於不發款的事情 就在想說難道是我嗎？？
你身為賣家 處理的方式卻是這樣？
不積極態度也不好 到底是要賣什麼衣服？
之前帳號還沒鎖起來時 
看到他都會轉發別人標記他的限動
大多都是說衣服很好 態度也好 還多送衣服
然而別人是這樣 我卻是這樣？？
真的不懂態度好在哪欸=="
235443061,有好多話想講的國中生SANA（圖多）,"前幾天在微博上看到這篇
覺得實在是太可愛了(,,•́ . •̀,,)
查了一下發現剛出道的時候就被韓國網友翻譯過
但在dcard上沒看到有人分享
所以我就來了(雀躍
https://www.dcard.tw/v2/vivid/videos/5dd70048-ae0e-4edd-ba9b-118e5ca10d5a?r=1.25

以下請欣賞 2010的8月到隔年的12月
國中生的湊崎紗夏話嘮花式發推的表演～
又名 少女Sana的推特日記(*๓´╰╯`๓)♡
（Sana絕對是忘記密碼了吧 所以到現在都沒把帳號鎖起來kkk）

-微博內容是擷取跟學習有關的部分-
https://i.imgur.com/5gNdplQ.jpg
https://i.imgur.com/GEVz1Sm.jpg
不禁回想我國中的時候有這麼單（傻）純（萌）嗎XD
作業不是都早自習的時候抄的嗎(欸
https://i.imgur.com/pw59CJ4.jpg
酸奶bbibbi~
我不喜歡酸奶可是我喜歡喜歡酸奶的紗夏呀♡
https://i.imgur.com/KHNQ0nx.jpg
後來真的成功去了韓國然後出道啦！

韓評：
https://i.imgur.com/6W7M09e.jpg

-從B站影片中擷取我最喜歡的部分-
https://i.imgur.com/f0RbgYO.jpg
什麼都報備的紗夏 不管是洗澡睡覺都會發推kk
https://i.imgur.com/h6yAHmg.jpg
https://i.imgur.com/YT18Nwy.jpg
很有自知之明的愛笑狗勾( ￣▽￣)σ
https://i.imgur.com/faGsivW.jpg
推中出現最多的大概就是抱怨身體不舒服的部分吧(。•́︿•̀。)
胃痛、貧血、過敏、感冒、肌肉痛……
希望現在的你健健康康～
https://i.imgur.com/b8BBcK7.jpg
多愁善感又堅強溫暖的紗夏～
https://i.imgur.com/kONU9RV.jpg
也有好多則在安慰朋友 溫溫柔柔的(,,•́ . •̀,,)
https://i.imgur.com/YkQcsQn.jpg
https://i.imgur.com/qn7A9B2.jpg
國中就目標堅定很有想法的紗夏
難怪最後會成功～

-姓名測驗分享kkk-
https://i.imgur.com/5RKsX2W.jpg
原來國中時期就展現出了姬王的傾向哈哈哈哈
https://i.imgur.com/zNTJLXs.jpg
不得不說 這個測驗也太準了吧笑死
1.看上去很容易被騙 V
2.以後會出名 V
3.讓人治癒 V

---
看完全部讓我整個母愛氾濫哈哈哈哈哈實在太可愛了吧！可以給我來一打SANA嗎(嗯？
推特總共有三百多則 大家有耐心的話可以去看B站影片哦哦哦( • ̀ω•́ )✧

最後附上來源：
https://twitter.com/sanacottoncandy/status/1327865745343057923?s=19
https://m.weibo.cn/2337348632/4607517411779116
https://m.bilibili.com/video/av9359490"
235442403,哥哥一直被我看到,"我能體諒每個人都有生理需求
但可以不要一直被我看到嗎⋯
我真的不知道我哥到底為什麼可以一直被我看到
有時候我在客廳看電視
他解決完生理需求後隔著褲子握住老二走去廁所
有時候我去房間也可以被我看到
我真的覺得超級尷尬^_^
害我現在去房間都要故意大步走⋯
可以聰明一點
直接待在廁所完事再出來啊：）"
235441790,炸雞の職人吃法,"相信吃炸雞對大家來說都不是什麼新奇的事情吧
兩手抓起來直接啃爆啊ㄏㄏ
但是！我最近在網路上看到一個很酷的炸雞正確吃法
而且不同部位都有不同的方法
身為行動派好奇寶寶的我 直接衝去樓下的頂呱呱買一波
試了一下居然超實用！！
之前吃炸雞都沾了滿臉肥油 這次真的乾乾淨淨爽翻天
（雖然換手超油…..但反正手本來就會油ㄅ）
 
廢話不多說ㄌ，馬上把我的不專業小教學分享給大家
（原諒我的手有點拙QQ）

1.雞胸肉
https://i.imgur.com/3UHRBpM.jpg
首先把隔著面衣也看得見的左右兩根小骨取出，從正中間的軟骨部分把肉剝開，軟骨看個人喜好選擇吃或不吃。

辣味炸雞🐔
https://www.dcard.tw/v2/vivid/videos/b4834284-31e4-4e73-a43e-9f7f331a6606?r=0.5625

2.雞翅
https://i.imgur.com/Xe5Xt2M.jpg
先吃靠近翅膀根部的胸肉，再把翅膀部分向外折開成兩部分，雞翅根部直接吃，雞翅前端的兩根骨頭拔出之後再吃。

辣味雞翅🐦
https://www.dcard.tw/v2/vivid/videos/c0a9e5ab-4029-402b-8c27-f8cebf25b44d?r=0.5625

3.腰
https://i.imgur.com/9j8GxLd.jpg
抓住三角形肉塊較為突出的骨頭前端，稍微一邊扭轉再往上拉就可以取出大腿骨部分，剩下的肉就可以直接吃了。

我用的是背肉🍖
https://www.dcard.tw/v2/vivid/videos/d3b719e6-8d19-4cd8-81c8-1e373bf0ac29?r=0.5625

4.雞腿（我ㄟ最愛部位(๑*◡*๑)）
https://i.imgur.com/jnii24A.jpg
這個超級簡單，兩手分別抓住兩端骨頭，邊轉動邊吃肉的部分，關節部分折出的軟骨也可以吃。

原味雞腿🍗
https://www.dcard.tw/v2/vivid/videos/02527463-6377-4005-b0c2-18215b5430c9?r=0.5625


好啦我知道我剝的不是很好看
我就是什麼都做不好啦嗚嗚
不過真的強烈推薦大家去試一下
會打開新世界的大門ㄛ
 
順帶一提 那天去頂呱呱的時候店員叫我下載他們家的APP
就直接送一隻免費雞腿 賺爆啦ㄎㄎ
 
所以說炸雞粉們該吃起來了吧！"
235443453,用牛奶灌溉的草莓？！！,"🔅來來牛奶草莓園🍓🍓
一轉進水尾坪這裡就可以看到好多草莓園
但是這次很堅持的是要去來來牛奶草莓園
主要的是看重這家草莓園還有提供草莓斗笠
可以讓你一邊戴著可愛斗笠一邊採收草莓
好像自己就是個小小草莓農
除了草莓可以採店家還有販賣如冰淇淋、果醬可以買，讓你除了吃到草莓本人以外還能吃到不同型態的草莓
草莓園整體環境規劃完善
如果是開車的朋友有很多停車位可以停車
不用擔心沒地方停
入園前店家把採草莓的SOP貼在牆上讓大家參考
還因為前一天下雨
友善的提供塑膠袋跟橡皮筋可以保護自己的鞋子不會被用到都是泥土
接著就會被店家分配到某號區域
就可以開始大採特採啦
採完後店家很貼心的還有準備可以濾水的盆子洗草莓
草莓香氣十足又不會酸長的大又美
店家服務周到大方還偷偷多給了幾顆草莓🍓
人超級好的❤️（來過的還有打折優惠）
來這裡真是好玩又好吃

https://i.imgur.com/1oXdSsk.jpg

https://i.imgur.com/d8yuxNU.jpg

https://i.imgur.com/BB8koFb.jpg

-
🔅草莓冰淇淋 $40🍨
有濃濃的草莓香
一口一口都是紮實的草莓味
除了草莓味還有一些奶香味
如果搭配剛採好的草莓一起吃
可以增加口感跟風味

https://i.imgur.com/B5BI70W.png

-
✔️【評】【分】【指】【數】
𝘾𝙋值🌕🌕🌕🌕🌑
店家環境🌕🌕🌕🌕🌕
活動豐富度🌕🌕🌕🌕🌗
服務態度🌕🌕🌕🌕🌕
-------------
推薦指數🌕🌕🌕🌕🌕
------------
📌苗栗縣大湖鄉水尾坪4鄰49-7號
📞0917-157-251
https://www.instagram.com/cathyfoodie_150/
喜翻都可以追蹤看更多美食喔~~~~"
235444215,偶像在直播中抓到粉絲出軌😂,"今天2/28是N.Flying的Vocal柳會勝的生日，比起寫一篇生日祝賀的文章，我決定來寫一些他讓我印象深刻的事情！安利一下也順便讓大家笑一笑!
https://i.imgur.com/0vcWkRD.jpg

🐥1.抓到粉絲出軌別的Idol

也就是這篇文章的重點！
那天Vlive一直斷訊一直沒聲音，重新開了三次直播，有一位粉絲留言：「其他愛豆也會這樣！」
柳會勝卻說：「哦~~~同時在看兩個愛豆呀！」

（但其實他在別的直播說過，他完全不會介意我們追很多團，如果因為喜歡N.Flying就不能去聽其他人的音樂，那會埋沒很多優秀的作品）

附上影片 +中字
https://www.dcard.tw/v2/vivid/videos/31b0762b-3afd-4c8e-bce7-93f3200dd823?r=1.7777777777777777

🐥2.擁有把別人唱哭的動人歌聲 

柳會勝說 他以前當兵休假時跟阿兵哥們一起去唱歌，只要唱到某一首感傷的情歌，看到哪一個阿兵哥哭了，就可以清楚知道誰被女朋友兵變了。

附上影片是從YT上找到 我自己加了字幕
Cr. YouTube@자네（不妥刪）
https://www.dcard.tw/v2/vivid/videos/2f809cd1-967a-4fef-8f88-7d3868396964?r=0.5625

好啦 這個是真的會感動的舞台！！
是在「不朽的名曲-家人特輯」中，柳會勝與會勝爸爸一起合唱的舞台。
不只弄哭了自己、在台下的媽媽和兩位親姐姐，也弄哭了很多觀眾及主持人。

舞台影片
https://youtu.be/PLtfM4qP9Tw

🐥3.沒有18禁的🔞
（他沒有開黃腔 但是粉絲想歪了）

台灣代表色情的顏色是黃色，而韓國代表色情的顏色是紅色，他說紅色影片有點像我們講的黃片的意思....
但...他真的沒有要開黃腔....😂

附上有中文字幕的影片！
Cr. bilibili@被溫暖的時光
https://www.dcard.tw/v2/vivid/videos/8ec478e8-8275-42ac-9a74-2172f45fa127?r=0.5625

最後，有一個舞台想要分享給快被圈飯的人，一個我最佩服最喜歡的舞台，柳會勝不僅展現了爆發性的歌聲，更融入了感情，再加上其他成員們樂器、歌聲的搭配，這個舞台超過100分💯
https://youtu.be/RE47uA3B2Mc

今天就先到這邊！每次都覺得柳會勝沒有當歌手的話應該會去當搞笑藝人😂沒有刻意要搞笑，但就是偶爾丟出很好笑的哏XDDDD
祝 柳會勝生日快樂🎂🎉
https://i.imgur.com/UCxmAMK.jpg"
235445273,想確認Line是否被封鎖，結果悲劇發生,"更：
後來聊天 我給他一些日常的關心
或許他覺得反感吧..
要他好好吃飯 不要一直吃超商食物
結果被說講話沒有建設性 認為我能想到的他都想過了
也被罵了一頓
我想 是時候放下了。

———分隔線————

第一次發文 排版不好請見諒

我和閃是在Dcard抽卡抽到的
當時非常聊得來
在好多方面也都很像
後來就決定在一起

原本兩個人都在台北生活
但他因為工作就到台南（遠距）
而且工作是排班，壓力也非常大
後來他擔心顧不到我，加上我很沒安全感
就提了分手💔

但分手後他主動說要當朋友
卻也都沒有在聊天
我們的line就擺在那裡...

就在今天。
我想測試他是否已經封鎖我的line
結果上網查了一個送貼圖的方法（不知道大家有沒有看過
然後....

「我竟然手殘把貼圖送出去了」
「我竟然手殘把貼圖送出去了」
「我竟然手殘把貼圖送出去了」

而且還是一個很冷門很醜的貼圖...
真的很想找地洞鑽進去。

有沒有類似經驗的人
可以跟我分享後續可能會發生的事😵
https://i.imgur.com/FpBvHFr.jpg"
235447639,曖昧對象傳了藏頭藏尾詩給我,"如題
我這個曖昧對象是之前打工的同事
在我離職前開始每天聊天聊了一年多了
他好像知道我喜歡他
但是一直以來都是淡淡的、沒有回應或是幹嘛
後來因為我工作的關係
沒有像以前一樣很常跟他出去
但仍維持每天傳賴、講講電話
對於我來說我們變得比較像很要好、很要好的朋友
就在昨天！！！！
他晚上突然傳了一首詩給我
我看了以後糾結了一個晚上
因為很怕是我自己自作多情（以前被他騙很多次）
所以下午才假裝看不懂的回他不要罵我
結果他竟然回我是藏頭詩
而且還馬上打給我跟我說是藏頭詩
但是俗仔的我很怕又被騙打哈哈帶過
他也沒有繼續下去就問我要不要出門
我們下午便一起出去逛逛還去他家吃冰
想請問各位大大
這樣他到底是在開玩笑還是真的告白呢⋯⋯
https://i.imgur.com/wEGETMR.jpg"
235447428,聖圭確定不與Woollim 續約,"【熱帖】 金聖圭在vlive直播中說：3月6日和武林合約到期，不再次續約，會在武林最後出一張專輯。 infinite還會繼續，大家不要擔心。 6名成員中L（金明洙）和聖圭去了其他所屬社，其他的成員還在協調中。
https://i.imgur.com/qTOzPrn.jpg

Infinite是我的初心，也是因為大部分他們的付出才會有現在Woollim，現在有兩名成員離開，是有點惋惜，也清楚武林能做的就那樣了，對於Solo歌手、演員能拿到的資源真的不多，可我還有放不下的孩子

僮跟還沒從IZONE回來的恩妃采源
我還期望她們能夠有更好的表現


終歸一句
希望聖圭到了新公司能夠大發❤️

補充一下可能會有人認為是公司不夠給力（錢💰）才會留不住聖圭，如同我上面說的，多數飯也是這樣覺得是公司資源不夠多，不能給予聖圭想要的，才會沒有與武林續約"
235442940,養了一隻奶油貓貓🐈,"跟男友兩人都蠻愛貓 他原來家裡也養了兩隻三花
討論了一下經濟許可 所以打算緩慢找可認養的貓
米克斯什麼都好（還是有私心橘貓或虎斑🤣）
剛好沒多久就在我朋友限動上發現她有貓需要認養的資訊 是三隻奶貓 
傳給男友後他非常喜歡所以幾乎算馬上決定認養
當時問題時其實是我們沒想過機會來的這麼快
加上男友沒多久要畢業後卡到當兵什麼
所以其實一開始計畫是緩慢找 不想讓貓一直換環
原本預計當兵完一起住再養的
但這隻貓實在看了一眼就喜歡 我提出先暫養我家
我爸超愛貓可是家中長輩的觀念認為貓很陰之類
當時我媽烙下狠話 貓回來就是我搬出去的時候🙂
連續日夜洗腦一週後家人答應了

https://i.imgur.com/WSQcFqi.jpg

（第一眼就是看到這張照片 馬上被收服🥲）
那時候才一個月大左右而已
其他貓貓被選走所以也沒什麼猶豫就決定是他
https://i.imgur.com/oN7I801.jpg

帶回家第一天其實他就沒很認生
待在籠子一小時他發現我去洗澡就自己探頭探腦出來
當天半夜已經算在我房間開趴起來...
除了膽小這件事到現在五個月大了也還是沒什麼變
https://i.imgur.com/RzAOibb.jpg

接回家後適應的很好 給醫生看了也是乾淨沒問題
吃好睡好 ㄧ開始原主人是餵皇家K36 
我是每天煮鮮食給他 半夜才會放一點渴望的飼料
雖然說是橘貓 但他沒有特別愛吃 也可能是還小
距離2月量體重的時候2.8好像也還合理
https://i.imgur.com/ZGT13kT.jpg
https://i.imgur.com/nbbZ7ZT.jpg
https://i.imgur.com/nvGjIlT.jpg
https://i.imgur.com/bKHtI0s.jpg

受到暴風喜愛的鵝子
很常被問是什麼品種～或是花了多少錢買的～
但確實是米克斯啦 也沒特別問爸媽是什麼品種
啊他媽媽長這樣🤣爸爸是誰還是一個問號
反正我們是覺得長得可愛就好什麼品種也不重要
https://i.imgur.com/YhJjv2E.jpg

如果要說他有什麼很智障的大概是很愛趴我頭上
自從很會爬跟跳高後 三不五時會跑來我頭頂
肩膀也變成他休息的地方
真的不要想給我靠著可愛為所欲為呦🤗🤗
https://i.imgur.com/LsaB105.jpg
https://i.imgur.com/J3GcKKB.jpg
https://i.imgur.com/3f3rSZy.jpg

一開始養貓的時候希望可以養到一隻很黏人的
給我窒息的愛那種🤣
殊不知也真的是這樣 我在哪他就在哪 
很會撒嬌 給摸給抱沒什麼脾氣 好養認證
https://i.imgur.com/1oK1L19.jpg

偶爾還是會有調皮的時候
例如我離家一週後發現發票袋倒在地上 
兇手還站在命案現場
是誰幹的很明顯吧 完全不演
https://i.imgur.com/W2G1P1e.jpg

至於當初說把貓帶回來就換我搬出去的我媽呢
現在是整個家最愛貓的人🙂🙂🙂
一開始說貓不能睡床上 現在還幫他準備毯子？
果然是橘色貢丸魅力無法擋
https://i.imgur.com/cOfETVe.jpg

跟男友是遠距所以都戲稱他是跑船的爸爸
雖然來的很突然但還是很慶幸當初決定認養他
每天都會誇獎他是穠纖合度最可愛的貓貓
因為是第一隻貓所以怎樣都很上心
目前4.5個月還在持續長大
希望之後結紮體態還是可以很優美啦🐈
https://i.imgur.com/mK9j4ss.jpg

謝謝大家看完～初養貓興奮的媽媽🙇🏻‍♀️"
235441872,７套復古、日系有主題的穿搭分享！,"哈囉！妙栗爹斯～
這次要來分享近期跟朋友出遊的一些穿搭！
有興趣就看下去吧✌🏻✌🏻✌🏻

第一套：就是在學艾蜜莉在巴黎（大笑）
因為我去年年底才看完這部～就好喜歡她那套黑白格＋紅貝蕾的穿搭
就很不要臉的學她～
https://i.imgur.com/mFSdhY3.jpg
很少這樣戴貝蕾帽其實哈哈
背心洋裝是超多年前在50%買的
https://i.imgur.com/iclWZb7.jpg
第二套：去清境當牧羊女
怎麼剛好又黑白格了！這件是Queen shop的
這件好適合穿去牧場哈哈哈 
https://i.imgur.com/YbxHNGv.jpg
我在裡面又搭了牛仔褲想說多一點層次，戴上綁帶草帽！
成功化身牧羊女哈哈
https://i.imgur.com/CY1Npq6.jpg
第三套：青春洋溢野餐少女
那天跟朋友去野餐，想說背景都是草地、樹都是綠色
那我就穿一身紅囉！
https://i.imgur.com/pZ2xFjl.jpg
同樣是背心長洋裝，加了充滿色彩的領巾
https://i.imgur.com/htYo81X.jpg
紅色這間很透～裡面一定要在穿！我搭了蕾絲襯裙～
也多一些層次也滿日系的。
https://i.imgur.com/e3PdlLy.jpg
第四套：同一件背心長洋（我很愛背心連身裙哈哈）
這天搭配有荷葉邊領的，繫上皮帶，裡面搭配牛仔褲
不過搭牛仔褲有缺點是褲頭會有點凸哈哈，
紅色這件布料太軟了～但還是滿喜歡這樣搭得的！
https://i.imgur.com/zt8WVqQ.jpg
第五套：歐式下午茶
為了搭配咖啡廳（老英格蘭）就故意穿這種風格哈哈
https://i.imgur.com/chdMBQh.jpg
外套是媽媽年輕時候穿得套裝，她幫我把尺寸改小了
我搭了uniqlo的鵝黃長裙～整體看起來滿溫柔的。
https://i.imgur.com/FM0z7bO.jpg
第六套：藍色為主哈哈什麼爛主題（笑）
我還滿喜歡同色系穿搭的，腰帶是領巾～
糟糕我對這套詞窮💦
https://i.imgur.com/NLpU1KC.jpg
第七套：文青小姐姐穿搭（亂掰的啦）
上衣之前分享的文章我搭配長裙，
這次搭有點小喇吧的牛仔寬褲～簡簡單單的
https://i.imgur.com/5VVqA2j.jpg
簡單之餘背面來點亮點～
這是我在台南買的布，媽媽幫我做得蝴蝶結髮飾！
https://i.imgur.com/ytNvNsN.jpg
很適合看書的穿搭吧～開玩笑的啦✌🏻
https://i.imgur.com/RHN5XFf.jpg
謝謝收看❤️
如果你對我的穿搭有興趣，歡迎追蹤ig唷！
https://www.instagram.com/o_oaaannn/"
235442671,女友很山羌怎麼辦？,"我今天嘗試吻了女友，結果她就僵住了，留我一個人舌頭在那邊探來探去，好幾次都這樣，她說自己是山羌，「山羌遇到危險或突發狀況會僵住」我聽了又好氣又好笑，所以怎麼辦咧？接個吻都這樣那後面的事大概都免了_(´ཀ`」 ∠)_
https://i.imgur.com/yfjucEK.jpg"
235446948,(Pann)我是April前成員李玹珠的弟弟,"大家好， 我是前April成員李玹珠的弟弟。
從好幾年前就一直想說出事實,，但為了姊姊的未來著想所以忍了下來。
雖然是這樣， 但現在覺得應該鼓起勇氣，所以寫了這篇文章。
 雖然之前姊姊說是為了想要演戲，而退出了April, 但這並不是事實。 妹姊在團隊裡受到了很大的折磨還有霸凌。因為這件事得到了恐慌障礙呼吸困難等 過得很辛苦，
結果姊姊曾試圖自殺。
 一想到那時候,，到現在我的父母和我還是會覺得心像要被撕碎一様。 就這樣給退隊的姊姊寄了信，公司說為了演戲所以要退出,，讓姊姊依照信件内容寫下來,，所以姊姊就這樣寫了。 
那時候我的家人們不知道，以為為了姊姊這樣做才是對的。 但是寫完這封信之後,，說姊姊是為了自己的利益背叛團隊,，聽到了很多讓人很辛苦的惡評。 在這之後也沒有收到過成員們的道歉。
 反而是看到了找去公司的媽媽,，那團隊裡的成員一 邊嘲笑著擦肩而過了。 姊姊現在還在努力著做自己的工作，所以更擔心會不會讓姊妹的形象受到傷害因此忍住了,，但是再也沒辦法看著像沒做錯任何事一樣, 過的很好的成員們了。 
連我自己都這麼辛苦 一想到姊姊會怎麼樣, 我就很傷心很生氣。
 再也不想看到成員們活動的樣子了， 一直在電視上出現的話，希望不要讓我的家人想起當時的事情，以後也不想要再看到姐姐辛苦的模樣了。
https://i.imgur.com/IeIxdgd.jpg
https://i.imgur.com/BWq8maW.jpg
https://i.imgur.com/XSlOLZR.jpg

來源轉韓星版版友翻譯跟整理：
https://www.ptt.cc/bbs/KoreaStar/M.1614501656.A.EBD.html
經紀公司在確認中"
235442773,大年初三吃到發霉蛋糕！,"大年初三吃到發霉的檸檬蛋糕，跪求心理陰影面積
知道我喜歡吃甜點，我男友(簡稱A)特別在初二的時候從新竹帶了艾X蛋糕的蛋塔、巧克力蛋糕還有我最喜歡的檸檬蛋糕來我家拜年。初三正值下午茶時間，我興高采烈地捧著檸檬蛋糕要分享給家人，先切了四塊，分別給A、弟弟、爸爸和自己，將切片的蛋糕盛起時，發現在蛋糕的盤子上有些微綠綠的，當時的我以為是不小心在製作蛋糕時沾染到的食用色素，便不疑有他的吃下檸檬蛋糕，正當我要吃第二片塊時，A突然指著我的蛋糕說：「這綠綠的是什麼東西？」我才定睛一看，發現居然是黴菌！我和A便開始檢查整塊蛋糕，外表看似無任何的異狀，但當我將剩餘的蛋糕翻起，卻發現底部都長了綠色的黴菌，甚至連白色的菌絲也分布在蛋糕體上，我嚇得立刻將手中的蛋糕推到一旁，翻出外包裝卻發現上頭印的有效期限竟然是109.12.15。當時的我很緊張也很氣憤，害怕將黴菌吃下肚的家人會上吐下瀉，而又正值過年期間，若要到醫院，豈不是很麻煩也觸了霉頭（發霉=霉頭）？
打了電話給店家，得到的答覆卻是用來展示的蛋糕不小心被代班的小姐賣出，發現時要聯絡我們也不知道該如何聯絡，聽到這番解釋，真的覺得很荒謬，怎麼任憑過期的蛋糕流出，甚至讓我和我的家人吃下肚，最令人氣憤的是，我們隔了一天才將有問題的蛋糕吃下肚，這之中並未收到店家主動聯繫，而是吞下蛋糕的我主動聯絡店家，這就讓我不禁思考—這家店主打使用健康、天然的原料製作甜點，但卻是如此的罔顧消費者的健康。若我們不主動聯絡，這家蛋糕店是否就當作一切都沒發生？ 
雖然蛋糕店也要我們將蛋糕送回，並補償一顆新的蛋糕，以表歉意，但當消費者已經對店家的處理態度和提供的蛋糕品質有疑慮時，我不知道我需要借多少膽才嚥得下我最愛的檸檬蛋糕。

由於A是從分店購買，我們理所當然地先找了分店的店員，後續接到總店老闆主動聯繫，表示將會全權處理，並親自登門道歉。隔天，總店老闆親自提著全新的檸檬蛋糕、草莓戚風和奶酪到我家致歉，並退還當天所有甜點的金額和提供1,000元的蛋糕折價券，雖然當天的我因腹痛拉肚子並未見到總店老闆本人，但經由家人口述對方展現出十足的誠意，並表示願意負擔一切的賠償金額，我們因此決定不再追究。
兩天後，卻接到對方的來電，強硬地表示無法負擔當天所談妥的賠償金額，只願意負擔六分之一的金額，當下其實是十分錯愕，也再次向對方強調這是當時雙方協議後認為合理的賠償，但事後對方卻態度強硬，完全和當天登門致歉時判若兩人。隔天，我爸又再打了好幾通電話給店家，卻遭到拒接電話，嘗試使用另一支手機，響了幾通，電話終於接通了，一發現是我爸來電，口氣瞬間降到冰點，並說：「我現在有在錄音，如果不接受就走法律途徑，我們不怕。」
回顧整件事情，從一開始單純的蛋糕品質問題，到現在店家處理客訴的態度，不難看出這家店的管理從上到下都出了一些問題，基於消費者的立場，直觀的認為自己的健康暴露於風險中，對於心理更是種折磨，以至於現在對檸檬蛋糕心裡都蒙上層陰影，也將我們對店家的信任踐踏的一文不值。
https://i.imgur.com/4Ty3YNC.jpg
https://i.imgur.com/JUdzr3A.jpg
https://i.imgur.com/jHbd3VP.jpg"
235446434,摸乳摸的很害羞..,"還記得前年空閒時間比較多

於是我跟團參加「竹山紫南宮、鹿港一日遊」

一下車就先到紫南宮啦～ 為家裡求錢母🙏

吃完飯就載我們到鹿港原地放生


有做功課的我就是趕快衝去鹿港老街呀！

真的滿古色古香的..



但讓我最好奇的是

「摸乳巷」


以前在歷史課本上看到就無法忘記

到底什麼神奇的名字？！ 有天我必定朝聖！



為了做紀念，所以我....




https://i.imgur.com/KNZkeeD.jpg






原來這就是摸乳巷的感覺~(˘▾˘~) 哈滋卡西"
235441070,（更）母貓生完就跑了😭,"https://i.imgur.com/7mKUgXl.jpg
https://i.imgur.com/3DUtWB5.jpg
https://i.imgur.com/h8KA0Zf.jpg

有沒有人可以領養的呢～～～
家裡已經有一隻很會拆家的貓了🥺🥺

（更）因爲家裡沒辦法養  現在已經送寵物店養了～～
謝謝各位的幫忙❤️❤️
寵物店裡有保溫箱也會有比較專業的人員照顧😊
貓咪目前在雲林虎尾的寵物店
想要認養的人可以到店裡哦 是不收費的～"
235441724,#撒花 性轉TWICE,"https://i.imgur.com/zIUC5B4.jpg
林三歲變成男生，突然有點像許凱皓

https://i.imgur.com/CZRjNBw.jpg
俞皮皮有點日系男子的感覺，好清新啊

https://i.imgur.com/P4hBAEX.jpg
看到這張就大笑😂😂😂 阿桃好勾追

https://i.imgur.com/yIkezix.jpg
Sana變男生後突然有點像新人男團成員（有人懂我想表達的意思嗎🤣）

https://i.imgur.com/ul37VeJ.jpg
濃眉大眼的我們隊長，變男生後混血感好像更明顯了

https://i.imgur.com/qAuNChf.jpg
企鵝南啊～～～～好像有點Mark的影子

https://i.imgur.com/LMVqj81.jpg
白嫩豆腐變男生後，是個牛奶肌膚的小帥哥

https://i.imgur.com/UzflJRL.jpg
猛一看有點像李鐘碩的男生彩彩，跟弟弟根本雙胞胎

https://i.imgur.com/WSkmbvn.jpg
忙內阿瑜，超帥～～～～我戀愛了

第一次發文，不知道怎麼敘述比較好，但是想分享給大家看❤️祝大家有個美好的假期！"
235444195,好想離婚...,"拜託不要上臉書，不想被認出來。



我真的是不知道要跟誰說了才上來抒發情緒...
發現我結婚有小孩之後沒什麼朋友可以好好的聊..因為我比較早結婚生小孩 朋友們都還沒結婚生子...  

我老公是個會 打呼  磨牙  一直擤鼻水 的人
三種都中...  我真的是每天睡覺都快崩潰...
婚前他可能大家都要他去看醫生他才勉為其難的去拿藥... 婚後他可能覺得都嫁給他了  就完全不想管了，跟他說我真的很困擾，我是兒美老師，工作我自覺得蠻耗體力的，如果隔天是早班，那天晚上我就只能睡大概2-3個小時，每次回到家都快掛掉... 

他不聽，完全給我擺爛，一直說「不然分房睡啊！」  ....也不想想你家是有多的房間可以給我睡？？？ 而且明明去看醫生可以改善的病，到底看個醫生會怎樣？？？

搞的我快精神崩潰... 小孩又正值活動量大的時候，每天下班看到我就是要抱抱散步，真的沒睡好，我很怕有一天我會猝死...

可是離婚... 我一直想要小孩有個健全的家庭... 原本打算想說不然小孩20歲再離婚，可是想到還有至少15年以上的夜晚需要忍受，我就快崩潰...搞不好還沒離婚我就先掛了..."
235443493,台灣竟然有鳳梨大學？？？,"無聊逛到一個有趣的冷知識
我到現在才知道原來台灣有鳳梨大學

https://i.imgur.com/FDYxfQP.png


Q：專產鳳梨的大學🍍🍍🍍
大家來猜猜看是哪個大學😂



原文：https://lihi1.cc/ZLHlQ
#算跟上最近的時事嗎"
235443207,我和中文不太好的日本人談了一場戀愛,"大家好，今天想要跟大家分享一個自己的故事，第一次在這裡發文，如有違反版內規則會立即刪除，謝謝。

已經單身3年了，因為前一段戀情遇上一個情緒勒索的男子，所以對感情一直有點微恐懼，剛解脫的時候真的是用放鞭炮的心情在慶祝，這時的我決定要當個新時代的獨立女性！讓自己活得漂亮也要讓生活過得更精彩。

於是，我飛往距離台灣5000多公里遠的地方工作了。在國外的生活很新鮮、很挑戰，如果有曾經待過國外的遊子們一定了解，獨自一人在國外打拼的時候，所有的情緒都會加倍放大，吃到台牌泡麵會特別感動、看到台灣人也會瞬間變朋友...，當然，失戀的時候也會特別特別難受。

2019年06月，因為一段最後沒能在一起的短暫戀情大失戀了一場，我決定放一場長假回台灣散散心，出社會後認識異性的機會其實並不多，趁著回台的時間想著：嗯，應該趁現在多多認識新的異性！於是，我打開了交友軟體，滑到了他...。

Hello, I’m K from Japan! I hope we can be friend ~ it’s ok to use Mandarin😄

我們開始了對話，沒幾天我就又飛回去工作了，他是個滿好聊的友善日本男子，我們互換了Line和Instagram，才知道原來他是在台北最高學府讀研究所的研究生，在台灣自己經營了一個小小的YouTube頻道（追蹤人數1萬多人）。

一開始對K其實是抱著認識外國朋友的心態跟他聊天的，可能也是因為看了IG他不是我的菜吧哈哈哈，但他倒是感覺滿喜歡我的：
https://i.imgur.com/yTqrmvx.jpg

我們有意無意的聊了一陣子，他時不時會主動分享在台灣或日本的日常給我，如果暫停對話幾天，他也會突然跳出來跟我say hi，直到9月我們的工作簽證到期回了台灣一個月，他約我見面了：
https://i.imgur.com/yZIelAO.jpg
感覺的出來他好期待，在見面前就一直釋出他很喜歡我的意思，讓我覺得他小小浮誇，畢竟網路的世界不太真實。
https://i.imgur.com/b28BmwH.jpg
https://i.imgur.com/h5zHptA.jpg
2019.09.14我們見面了，一起吃了晚餐、逛街，最後去酒吧小酌，他中文其實不錯，可以全程用中文跟我對話，過程中都聊很愉快，離開的時候因為順路，我們先一起搭了計程車去他的宿舍，我再轉車回家，沒想到他居然在車上跟我告白了！當下真的有點措手不及，心想日本人都進展這麼快的嗎？

下車後我裝沒事的問他要去哪裡搭車，他一手把我牽起，帶我去搭車的地方，雖然那天很愉快，但不知道是進展太快還是真的對他沒感覺，真的一隻小鹿都沒有出來撞XD。
https://i.imgur.com/4URSAjj.jpg

分開後，他禮貌的回應我，也持續關心，讓我對他的印象還不錯，所以在我飛回去工作之前，我們又見了3、4次面，直到2019.10.7他來機場送機。

那天我在過境旅館睡了一晚，因為自己一個人有點孤單，他陪我講電話講了一整晚，不知道是不是太久沒有被一個人關心陪伴的感覺，我好像有一點點開心。從那天起，每天晚上他都陪我講電話，聊彼此生活上的大小事，過程中他告白了1、2次，但因為過去的經驗外加遠距離我都沒有答應他。我跟K討論過遠距離的事情，尤其大部分的男生都是無法接受的，必須要兩個人都有共同的想法才可以維繫，他卻很明確的告訴我，他可以！在相處的過程中也讓我漸漸的放下心防，在我確定我也喜歡上他之後，2019/12/3我們在一起了。

隔了三年終於脫單，其實滿開心的。
我們的生活模式沒有變，他還是一樣每天陪我講電話、偶爾視訊，本來他說要飛來找我，後來因為金錢和他的課業考量，決定換我回台灣，我們每天都在倒數著我回台的時間，好期待可以見到對方，我們還一起安排了回台灣要出去玩的行程。

終於，二月初我搭上了回台的班機，飛奔到了他身邊，他的研究所在二月中正式結束了，直到他飛回日本前，我們整整15天都相處在一起，因為我們知道見面的時間得來不易。

我們的生日都在二月，所以我們互相在這15天的過程中給彼此製造生日驚喜，一起住的第一晚，K偷偷提早去了飯店，在床上灑滿了玫瑰花瓣、點了香氛蠟燭，佈置了整個房間，真的好感動他這麼用心，也覺得自己好幸福。

https://i.imgur.com/yLlHmjF.jpg

甚至在K離台前的最後一天，清晰的記得他說晚上要給我聽一首歌，晚上在房裡他打開了電腦，把我叫了過去，是Ed Sheeran的Tenerife Sea演唱會live版，播到一半突然出現我們這次出去玩的所有畫面，原來，這是他前一晚熬夜到凌晨做的影片，整隻影片貫穿我們這15天的所有回憶，當我還在被這隻影片驚喜著的時候，在身旁的他居然默默開始啜泣，他害羞的叫我不要看他，覺得他好可愛！但他的眼淚讓我更捨不得分開了。

終於，K在2020.2.21飛回了日本，而我也飛回了工作的國家，我們又開始遠距離了，回去後的一個月他都待在自己的老家，因為跟爸媽同住，所以不能跟我講電話到太晚，說是會吵到他們，雖然偶爾心裡會有點失落，但心裡想著，他快搬出去了，所以期待著之後每天能通電話、視訊的日子（畢竟那時候才剛分離，非常熱戀）。

2020.03.22 K搬進了公司的單人房宿舍，我們正常的通了幾天電話，2020.03.29 K告訴我，他的同事因為宿舍漏水要來借住他家，不方便講電話。
https://i.imgur.com/u83vMZC.jpg

2020/03/30他說同事臨時無法回家了，因為疫情的關係加上現在很多人都要維修，所以暫時得住他家一陣子了。接下來的日子，K開始變得很奇怪…。無法在家裡跟我通電話，說是他們都要準備新工作的考試，會打擾到同事讀書、每天很早就說要休息了，晚安說得特別快，其實一開始我是能諒解的，畢竟進入新的工作本來就需要點時間準備，但真的是連一點點的時間都空不出來給我，不想當小女生任性吵著要男友陪，但是很多事情都讓人覺得不符合邏輯，我們總是只能趁他出去買菜才能通電話，有一次他一到家還立刻掛我的電話，跟他爭論過，但他卻說我不了解日本文化。

因為疫情的緣故，我的工作也受到了影響，在極大的工作壓力之下，加上他的不對勁，我們爭執了接近兩個月的時間，過程中我還不斷審視自己是不是我不夠體諒他，但我問了身邊所有的人，包含不同國籍，甚至是日本人，都回答：不能在家裡講電話，就是家裡有女生吧哈哈哈！

雖然我很想相信他，但大家的提醒讓我越來越不安，就連我叫他證明他的同事是男生，他還一副很理所當然地說：偷拍是很不禮貌的行為。雖然最後他勉強傳了一張照片證明他的""男同事""，但行為上還是沒有任何的改變。

沒有疫情的狀態下，本來計畫六月有長假要去東京找他，但因為疫情，幾乎所有國家都鎖國了，也終於在2020.05月底我必須回台了，因為各國鎖國政策，轉機點所剩不多，當時唯一的轉機點是日本的成田機場，我真的忘不了，那一天是2020.05.20，踏上日本的機場，感覺他距離我好近，但卻沒能進去的我，覺得心酸酸的（自以為在演什麼偶像劇）。

回台檢疫的14天，他只跟我通了2-3通電話，大部分的時間一樣很久才回我，晚上也會聊一下就秒說晚安，於是，獨自經歷一切困難的我，在檢疫結束的那天跟他提了分手，不想因為不能聯絡而當無理取鬧的人，如果不珍惜那我也不要了（自以為很帥氣），但即便我提了分手，他還是拖了好幾天才回應，回應時他還挽留著說不想分手，讓我以為他真的只是太專注在工作上，現階段無法兼顧工作與感情，但當時我已經累得想讓彼此都休息一下，我們有一天還是會和好的吧（心裡想著...）。

分手後，我們不太常聯絡，但一直維持算是友好的關係，直到2020.11.22下午K傳來了訊息：方便講電話嗎？好久沒有主動聯繫我的他，甚至讓我有一點點開心，接起電話才發現，原來，一切都跟我想得不一樣....。

K：我想..跟妳說一件事
我：怎麼啦～（小期待）
K：我想跟妳道歉
我：嗯？
K：其實...我在日本一直有一個女朋友，我在台灣的期間，也一直跟她在一起，很抱歉我騙了妳
我：(What!!?)....等等....為什麼要告訴我.....
K：因為我被她發現了劈腿的證據，現在我的很多個人資料都在她手上，她叫我在IG和YouTube公開跟妳們道歉，想先跟妳說...
我：(事情來得太突然，完全不知道怎樣反應)....好....我還在上班，今晚好好談一下吧！

於是，過了半小時，我看到了公開的po文，不久也看到了YouTube上傳了一支道歉影片。

IG內容：
https://i.imgur.com/5u689a4.jpg

當天晚上，他沒有接電話，好像在逃避著什麼，終於在隔天晚上我們聯絡上了。

我：所以...告訴我吧！
K：後來我回日本之後，我在日本的女朋友（也是台灣人）搬來跟我一起住。
我：所以你當時所說的‘室友’，是你在日本的女朋友？
K：對...，然後她發現了劈腿的證據（其他女生寫的卡片有在一起幾個月的內容等等..），還記得我告訴過妳，在妳之前我在台灣有一個前女友吧？她聯絡到她，然後把事情告訴她了，她們很生氣，要求我公開跟她們道歉......。
我：等等等等，所以....你的公開道歉那兩個人沒有我？
K：對.....。
我：（What!!!?)
K：他們現在想要聯手對付我，拜託妳不要加入她們～
我：所以...我是隱形人嗎？
K：不是的、不是的（慌張）
此刻的我早已氣到全身發抖，眼淚不爭氣的一直往下掉。
我：明天中午以前，我要看到一篇給我的道歉文，YouTube也是。
K：IG po文可以，但是YouTube不能保證，因為我的帳號已經在po完道歉影片後，暫時還給經紀公司了。
我：總之，我明天要看到。

隔天中午，IG內文：
https://i.imgur.com/x84yOWm.jpg
公開後的隔天，他就把帳號設成私人帳號了...，尤其是第一個禮拜，基本上沒有好過過，最討厭小三的我，每天活在原來我才是小三的陰影裡。

幾天後，我收到了A的私訊：
https://i.imgur.com/CGVo48T.jpg
原來，事情比我想得還要在更複雜一些....。

事實是他2019.02在台灣跟A在一起，2019.07回到日本後跟B在一起，2019.12和我在一起，2020.01跟A分手，2020.02跟我在台灣見面後，就回日本和B同居了，B因為他辭掉了本來的工作搬去跟K同居後，卻在2020.05發現了所有的真相，但當時因為B還沒找到工作和新的房子，所以她只能假裝不知道的忍到所有事情搞定才搬出去，其實那些女生寫的卡片上的日期，同期的不只一個人，當然包含我，11月中她透過卡片上的資訊和網路，聯絡上了A，雖然她不知道他們現在的發展，但想要提醒她小心這個人，整件事情才被爆出來。

這一週真的是我2020最漫長的一週，後來因為A有些激怒K的行為，讓K起了防衛心，最後把我們三個女生都封鎖了，也把道歉貼文刪了，在2021年開始後，他恢復了公開帳號，一切都好像沒有事情發生一樣開始了他的新生活。

後來我跟B也聯絡上了，剛從國外工作回來的我，其實很心疼她一個人獨自在日本面對這一切，她們兩個的年紀都比我小，讓我更有一種姊姊魂上身的心疼她🥲聊過之後，我們意外的合得來，才發現她也是水瓶座，生日在一月底，我們聊著我跟K在二月的時候見面了15天，她說她在1月底的時候也有回台灣跟K見面，突然我有一種....不好的預感...。

我：他是不是有幫你製造驚喜？
B：對欸
我：是...Happy Party嗎？（擺在床上的字卡）
B：對！
我/B：乾....
https://i.imgur.com/1dGMXY0.jpg
這是幫B在1/27晚上佈置的驚喜
對，隔一週原封不動的送給我了。

好多K很噁心的作為，都被爆出來了，同一套佈置、同一牌口紅當禮物...，我們說著很多我知道她不知道的事，和她知道而我不知道的事....。

故事到這裡告一段落，後來當然我們都跟K不再有聯絡了，我們也都漸漸的走出來了。

謝謝大家看完這冗長的故事，因為經歷過，所以懂得那種痛，不希望有台灣女生再跟我一樣被他這種看似無害卻在網路上經營好形象的人騙了，真的時間管理第一名（他有跟我坦承曾經同時間交往過五個女友...）。

想聲明po出這篇文並不是為了要討拍，只是對於身為一個過來人想要保護台灣女生的心情而發文。

今天，是K的生日，沒有什麼好給他的，送他一篇Dcard，我最真摯的祝福。"
235443844,中國節目「追光吧哥哥」抄襲韓國男團 #更 韓網評論,"看到中國節目又双叒抄襲真的是很不意外
但還是很生氣🙂🙂🙂🙂
不囉嗦！直接上圖跟影片
大家自己判斷吧～～
https://i.imgur.com/mi0AXhb.jpg
拿火互噴我真的忍不住笑了🤣🤣🤣
MAMA這個場景多震撼啊🤦🏻‍♀️🤦🏻‍♀️
https://i.imgur.com/donwW5a.jpg
要抄也做得漂亮一點吧🤣🤣🤣
https://i.imgur.com/fGoNzYl.jpg


https://www.dcard.tw/v2/vivid/videos/d18c3217-b5be-41e6-8bbe-0ee6937310eb?r=0.5625
影片原連結🔗  
https://m.weibo.cn/7023267029/4609324678384158

https://www.dcard.tw/v2/vivid/videos/aa6a47e5-2e81-42a8-b6ac-168809f089f1?r=1.3333333333333333
影片原連結🔗  
https://m.weibo.cn/6382546825/4609339422150513
_
原本完全不知道這個節目
今天久違的滑微博看到這個我真的😨😨😨
根本是直接把THE BOYZ MAMA的舞台複製貼上了吧
這個舞台我真的超級喜歡
當初看到的時候超級震撼，心目中TOP3的舞台吧😢
居然就這樣被別人偷去
還抄襲得四不像
啊🤷🏻‍♀️氣死了
不知道韓網那邊有沒有在討論？🤔
這個我覺得真的算抄得很扯的了........
_
感謝 B17 附上韓網評論🙏🏻🙏🏻
_
最後請大家看看我們THE BOYZ被韓網封為哈佛等級的原舞台吧🥲

2020 MAMA
https://youtu.be/n8aOScCgPYg

Road to Kingdom 第二次競演
https://youtu.be/riq8NNtRjWU"
235446076,有沒有看得懂衣服的設計,"https://i.imgur.com/TMk6ZDH.jpg
我在瀏覽探索頁面的時候，看到了這件，有人有辦法接受這樣的衣服設計嗎？"
235443428,工作面試 注意事項,"我是專門要面試新人的主管
拜託那些職場新人
不要再問一些沒水平沒意義沒腦袋的問題
1.像是什麼幾點上班（公司應徵上面就有寫 操
2.怎樣才能比較快升職（當然有能力才能升職 
3.公司幫忙保的保險怎麼申請理賠（我看起來像保險業務？ 
4.公司供餐一定要吃嗎（你是王八蛋？

以上是我面試各式新人時 他們的提問
準備好再來面試是尊重我們也是尊重你自己
不要被無聲卡了才來怪這家公司怎麼樣
爛的是你 不然今天是你應徵別人不是別人應徵你"
235442053,一週換兩次髮色真開心,"嗯⋯⋯芋頭牛奶加太多牛奶版本
https://i.imgur.com/bPocXwt.jpg
從粉色變成這個顏色也是坐了大概6個小時
https://i.imgur.com/cosZAKY.jpg
但我覺得這個更適合我 比較好搭配衣服
https://i.imgur.com/b5GxKrp.jpg
 附上上個髮色
https://i.imgur.com/AKVzGjk.jpg
https://i.imgur.com/7t4MujV.jpg"
235443880,湯圓家族,"繼上次的回顧篇，今天跟男友來煮個宵夜🥰
-
首先先準備五彩湯圓
https://i.imgur.com/uC2N4qJ.jpg
⬆️⬇️這是在超市買的
https://i.imgur.com/c5ObZrr.jpg

下鍋煮囉～
（水滾後才能丟湯圓進去）
https://i.imgur.com/jzTcvp5.jpg


這次可以放心開聲音👍


https://www.dcard.tw/v2/vivid/videos/13a97401-0e93-44b1-a4f8-2788bbf80fda?r=1.3333333333333333
好讚
加一點點桂圓黑糖塊～
煮完變這樣⬇️
https://i.imgur.com/zIpuHcc.jpg
豪可愛(⁎⁍̴̛ᴗ⁍̴̛⁎)
嗯......
可...可是...我沒煮熟...
第一次自己煮嘛～
回鍋再煮一次😅
https://i.imgur.com/tM4iZ7g.jpg
煮太爛了(⁎⁍̴̛ᴗ⁍̴̛⁎)
但好好吃❤️
今天吃4顆抹茶+2顆芝麻+15顆小湯圓
=61*4+71*2+6*15=466大卡 不含糖水！
比上次澱粉天(ㄉㄧˋ)堂(ㄩˋ)好多了！

附上經典花生和芝麻湯圓
https://i.imgur.com/tnerxoX.jpg

https://www.dcard.tw/v2/vivid/videos/466de62f-1954-400e-8a38-e77a68446ec1?r=1.7777777777777777
好可愛(⁎⁍̴̛ᴗ⁍̴̛⁎)❤️"
235441090,更#最該消失的星座？,"其實也沒有要引戰還是怎樣啦
阿就我遇到三個雙魚都長這樣啊
那我只好改口說某些雙魚啦
請不要爆氣🙂🙂🙂🙂

以下正文👇🏻

各位覺得最該消失的星座是誰😂😂
我先🙋🏻
雙魚👈🏻愛哭又愛裝可憐裝可愛尤其女生
男生都超級媽寶😂😂😂😂

哈哈哈哈不要走心喔你各位

https://i.imgur.com/oKjGzFQ.jpg"
235441224,#活動 另一半比我妖嬌—藝伎與她的黑道大姐,"大家好，我是上山打怪
身為邊緣人+沒動力發文的我終於來參加活動了！
因為另一半也是女生，平時的我時不時跟她盧小小要幫她化妝，今天終於肯乖乖讓我玩了🥲

https://i.imgur.com/MsyvWBt.jpg

今天使用到的產品都蠻簡單的～
https://i.imgur.com/pVZoC50.jpg

粉底：Armani水慕斯
蜜粉：Jouer 蜜粉餅
眉毛：植村秀
眼影：Etude House咖啡盤
腮紅：H&M 什麼rose的（？）
唇膏：Dior的Nude加上Romand的某色號（我懶得起來看，有人好奇我再找😌

總之，我原本是打算幫她畫病嬌妝的，殊不知拍照起來像藝妓🥲
https://i.imgur.com/KmS8AGT.jpg
https://i.imgur.com/WLzaclp.jpg

為了打造有病的感覺，把腮紅打在整個眼部加顴骨的地方，下眼瞼的部分也特別用紅色加重，還點一顆美人痣🤷🏻‍♀️
（相機有點吃妝，肉眼看更深）
https://i.imgur.com/YNQfcUr.jpg
殊不知拍起來像沒睡飽的妖嬌藝妓哈哈哈哈哈
但說實話，老伴化妝起來真的很美，不戴假髮好可惜
https://i.imgur.com/iCQSlHH.jpg

https://i.imgur.com/eQqyq7U.jpg
我的部分就看起來比較正常
主要也是腮紅打爆+下眼影加深
啊不知為何相機拍起來一點也不紅？根本大地色

https://i.imgur.com/qrXHSRU.jpg

但整組拍下來，老伴真的比我妖嬌🥲
而且短頭髮的她也很適合化妝，啊臉也比我小
真的是羨慕嫉妒又驕傲

https://i.imgur.com/8UCulNz.jpg
放上之前老伴幫我畫的妝，我實在沒有勇氣讓她畫第二次..."
235442298,民初富貴花🌹3CE 絲絨唇釉 #speak up,"hi～我是斯凱

來跟你們分享一下近期的新歡～
現在才第一次用3CE是不是很落伍😂
但以前就真的沒有被3CE燒到過，連Taupe最紅的那段時間都心如止水

鎮樓圖
https://i.imgur.com/PgBjRXI.jpg

這次的唇形我超滿意😂


外觀
https://i.imgur.com/6vTOjcE.jpg
https://i.imgur.com/oXYgxP1.jpg

包裝是霧面磨砂質感，實體算蠻有質感的，管身顏色依照唇釉顏色變化很貼心，趕時間不怕拿錯
刷頭就滿普的，沒啥好介紹🤣



質地
https://i.imgur.com/BvubEgo.jpg

質地是帶微光澤感的霧面，比較接近霧光的感覺，薄擦才會很消光
會染唇，遮色力高，沾杯程度中等，擦起來滑順不卡不扯嘴唇，均勻程度也很好
但時間久了嘴唇內側顏色會變淡，有點往外側跑的感覺
擦太裡面會沾牙，擦完要記得整理一下嘴唇內側

他在霧面唇釉裡面算是很不乾的質地了，不太會整個收乾陷進唇紋，也不太會起死皮



上唇
https://i.imgur.com/05oJg65.jpg
https://i.imgur.com/KR9BHPH.jpg

顏色是個超美的復古紅梨色，不帶玫調，基底是棕調鐵鏽紅，真的超超超超顯白，帶一點藍調正紅色更多了一些成熟性感的感覺❤️

上唇就是那種富家千金的調調，高冷疏離中帶著自信和明媚，是與生俱來的奪目氣場，不管人生那個階段遇到，都會忍不住想靠近、崇拜的那種人

不只如此，這一色還自帶美肌濾鏡，襯得妝容很乾淨，我整個人看起來的氣色變超好，底妝也很無瑕的感覺

薄擦的話我喜歡暈出漸層感，整個嘴唇變很性感很夢幻，特別撩人，特別讓人想一看再看，這畫法很適合薄唇跟唇形明顯的人，整個嘴唇會變得霧濛濛的超級好看！







很突然的結尾
拜











連假第一天給各位吃點冰淇淋
https://i.imgur.com/12ghEov.jpg

雖然上一篇留言有人po過了
但我還是想再po一次😝
















-但因熱愛，願迎萬難✨"
235445565,穗珍事件相關受害者收到Cube寄來的信,"https://i.imgur.com/gSPEVgB.jpg
-
主旨：[Cube娛樂] 穗珍事件立場傳達
寄件人：公關組
內文：
您好，這裡是Cube娛樂公司。
我們想和您親自見面並進行真誠的交談，這是穗珍的請求。
期待您的答覆。
謝謝。
Cube娛樂公司
-
留言 翻譯cr.韓網評論翻譯站

01. 這信件的內容是什麼...? 一點誠意都沒有

02. 哇，商務郵件是這樣寫的嗎? 而且是寫給外人耶

03. 主旨是怎麼一回事

04. 穗珍現在才想要和受害者見面對話? 終於?

05. 從主旨到內文都超沒有禮貌的╕

06. 不是在《PD手冊》上見就可以了嗎? 現在突然想見面了?

07. 連我寫給教授的信都比這封有禮貌

08. 看來沒有要退團呢╕╕╕╕

09. Cube真的很不會做事╕╕......

10. 確定內容就這麼短嗎? ╕╕╕╕╕╕

11. 如果是我的話，會把這封信也一起交給《PD手冊》

12. 客服人員的回信都比這個有禮貌..

13. 感覺比較像是主人上對下在說因為我想見你，所以你得過來這樣?

14. 我看到這封信的瞬間會直接把它歸類到垃圾信件╕

15. 現在才要有真誠的交談...

https://www.facebook.com/229878154109281/posts/1191548361275584/?extid=0&d=n"
235442717,#分享 浴室裡放什麼？7 個愛用好物分享(˶‾᷄ ⁻̫ ‾᷅˵),"安妞
今天跟大家分享一下我的浴室愛用好物！
希望可以藉此偷偷讓大家也告訴我你們ㄉ心頭好
我就能加進購物車偷偷變水～計畫通ㄟ(✪ω✪)
https://i.imgur.com/llgV6f7.jpg
我是一個很愛亂買而且喜新厭舊（？ㄉ人(´c_`)
平時會在浴室放個4瓶沐浴乳2瓶洗髮精
3罐洗面乳....
總之就是各種品項會放好幾種不同牌子
每天輪流用
我對不起我的錢包(´･_･`)

接下來介紹ㄉ就是從眾多洗浴用品中
脫穎而出的寶貝們啦(*´∀`)~♥

▍卸妝 
巴黎萊雅三合一卸妝潔顏水（清爽型）
https://i.imgur.com/dw2l2vh.jpg
卸到乾淨的時候化妝棉會開始起泡泡
我就知道自己卸乾淨ㄌ！
也不會乾澀緊繃
momo常常有買一送一的活動～很划算(｡◕∀◕｡)


▍潔顏
倩碧 三步驟洗面膠（溫和型）
https://i.imgur.com/rWwdciD.jpg
他真的很優秀～非常溫和但不會洗不乾淨
不會洗掉過多的油脂
不刺激不乾澀不緊繃～
（我的膚況比較敏感、混合偏乾）

前陣子返鄉用了別牌的洗面乳
洗淨力太強
把臉上的油都洗掉了
反而導致過度出油（我真ㄉ一度懷疑自己回到青春期）
皮膚敏感長了好多小粉刺｡ﾟヽ(ﾟ´Д`)ﾉﾟ｡

之後用回這罐就慢慢恢復正常～
以專櫃價格來說價格蠻合理ㄉ！


▍去角質
IPSA 泥狀角質按摩霜
https://i.imgur.com/yRB8ez2.jpg
他是可以乾濕兩用ㄉ
我一個禮拜會用一次～
他真的對我來說完全不會刺激
不會發紅或刺痛
（品木的所有清潔面膜對我來說都很刺激
契爾氏白泥更不用說了）

先在臉上輕輕搓揉之後放著厚敷一下
沖掉後臉會變得超級嫩！！！
可以嫩到隔天上妝(๑´ڡ`๑)


▍洗髮精
OGX 角蛋白洗髮精
https://i.imgur.com/LFysh1D.jpg
我的髮質跟頭皮也是偏乾
這款洗髮精蠻滋潤ㄉ
不會讓頭髮粗糙沒光澤
味道也很好聞，有點像燻過的木頭也像莓果
之前屈臣氏有在賣
後來在台灣怎麼找都沒有ㄌ....
到新馬ㄉ時候看到萬寧有在賣
直接扛了好幾瓶回來！！！(灬ºωº灬)


▍護髮
澳寶一分鐘焗油 深層修護
https://i.imgur.com/NCD4rsQ.jpg
這就不用多說啦～就是一個俗擱大碗
味道也好好聞～
我一次都擠一大坨不心疼(๑¯∀¯๑)


▍私密處清潔
Relove 私密處清潔凝膠
https://i.imgur.com/afOhPLs.jpg
味道很好聞！！！超好聞～
不是濃郁的味道
是淡淡的香味
有一點點涼但不會刺激(´,,•ω•,,)♡
缺點是有點貴
之前用過施巴的味道我比較不喜歡


▍沐浴乳
多芬白桃白茶沐浴乳🍑
https://i.imgur.com/PHkjlcj.jpg
聽起來就很好喝(♡˙︶˙♡)
味道也是深得我心
沒有廉價味
但香氣蠻不持久的
寶雅賣259的樣子
pchome大概159而已ㄟ！！！


感謝大家ㄉ收看
我的浴室現在真的只有放這幾樣，真的！
沒有亂買亂囤ㄌ啦 ,,Ծ‸Ծ,,"
235442199,近期的六套穿搭🌹,"哈溜大家～我是郭郭☺️
上次意外把文章刪掉了🥲
所以有觀看過的請見諒
還有我有多加一套穿搭 嘿

開始吧

第一套

白西外｜杏色高領｜一片裙｜襪靴

https://i.imgur.com/R3y2CiX.jpg

https://i.imgur.com/kRMT0T2.jpg


第二套

針織開衫毛衣｜磚紅高領｜黑色牛仔褲｜襪靴

https://i.imgur.com/QnQP5Vt.jpg


第三套

咖色高領｜豹紋吊帶｜vans
（這種雖然常見，但很舒適🤣）

https://i.imgur.com/sy0dZm4.jpg

近看一張吊帶裙

https://i.imgur.com/7GUBcsd.jpg

第四套

黑色高領｜咖色毛衣格菱背心｜黑色落地褲｜vans

(這套原諒我沒有好好拍它全身😅）
https://i.imgur.com/UZHBzev.jpg

呃⋯ 全身的部分🤣

https://i.imgur.com/706qiKs.jpg

第五套

白色高領｜白色吊帶裙｜杏色針織背心｜襪靴

https://i.imgur.com/wLtZCx9.jpg

第六套

條紋針織開衫｜大地色牛仔褲｜襪靴

https://i.imgur.com/24wuw55.jpg

近看一張上衣照～～

https://i.imgur.com/jrS4nzv.jpg

好哩～都介紹完了
這次我有點小懶惰！原諒我😣
希望大家會喜歡！不要噴的太兇🥰


謝謝觀看～～～🤍"
235445293,有人也是眼尾凹陷的嗎,"不知道有沒有人是這樣的眼睛 眼尾很凹陷暗沉
小時候常被説有畫眼妝 
長大後眼妝很難畫 顏色上不去的感覺
這種眼型怎麼救....
https://i.imgur.com/hJmZa2S.jpg"
235441697,千萬不要去這間買水果！！,"本來心情好好的要來吃昨天買的草莓
在水果攤有檢查過
結果我剛剛要洗來吃...
這是怎樣啊

一開始打開每一顆都有黑黑微爛的樣子
本來想說沒關係
我吃到第三顆整個是酸的
一個發酵的味道
不是草莓的酸
全部都拿出來看 結果底層的這樣子？！
很嚴重的發霉
然後幾乎半顆都黑的
https://i.imgur.com/GSC1mWb.jpg
https://i.imgur.com/5pwBLV0.jpg
https://i.imgur.com/mHpqS93.jpg

附上我真的是昨天買的的證據！！
昨天停車在對面收到的繳費單(有日期
https://i.imgur.com/EBKoqwJ.jpg

明曜百貨的附近
就這攤了
八成是長期擺攤的
康祥藥局的正對面
https://i.imgur.com/GjsZWUW.jpg

是一個老先生在賣的
https://i.imgur.com/swLbx57.jpg
昨天一直在那裡講草莓一盒$200
因為要收攤了 所以賣$150
賣一賣要回家
結果我買完他還是坐在那裡😑

我有看到別的一盒有點黑黑的了
昨天再攤子上檢查了很久
沒想到是把爛的都放裡面！！

然後我有注意到他們的釋迦
超級黑 我還沒看過黑的釋迦
我不吃釋迦 所以不知道黑到底是好還是不好
https://i.imgur.com/ecOqq1q.jpg

這是原本上層的
真的都看得出來有問題
還有兩顆有洞！！
https://i.imgur.com/2pcgHF7.jpg

想問一下大家我可以怎麼處理😭"
235443128,你又不是我的男朋友,"如題
我喜歡的女生今天突然發了一篇前任想挽回她的限時
而我在好奇心驅使之下去問了他那是誰（他知道我喜歡他）
結果被她回：你又不是我男朋友，不能養成你管我的習慣
這是什麼意思呢？？(ಥ_ಥ)


更
但是我跟她的互動感覺蠻親密的
很多很隱私的事情都會讓我知道
別人跟她告白也都會跟我說


本篇不希望上任何版面
請勿轉載謝謝"
235442068,SEVENTEEN珉奎校園霸凌爭議整理 #持更,"一更 2/28官方公告 
https://weverseapi.weverse.io/static/shares/communities/4/notices/904
https://i.imgur.com/u2Di7MI.jpg
【翻譯來源】：https://www.ptt.cc/bbs/KoreaStar/M.1614492052.A.EB6.html
—————————————————————
2/22第一篇校園霸凌文(原文已刪)
【豆瓣全文翻譯】：https://www.douban.com/group/topic/212301714/?dt_dapp=1
——小學及國中時對同學言語霸凌，甚至會站在3、4公尺外朝受害者的臉丟可樂瓶


同天公司發表立場否認校園霸凌，並指出國三當練習生是錯誤訊息
粉絲也自主澄清畢業紀念冊不符、附圖來自珉奎出道前公開fb等資訊
http://www.sportsworldi.com/newsView/20210222507439
https://theqoo.net/square/1858088695


2/25 新校暴受害者發文(附自證、診斷書)
韓網原文：https://m.pann.nate.com/talk/358046247?continueFlag=af114d4414937a593d19d834dfcfda83
——該爆料者因在學校被欺負患上憂鬱症及焦慮症，當時與爆料者國中同補習班的珉奎會跟其他男同學起鬨開黃色笑話並言語暴力，爆料者也記得他曾在休息時間喊著「竟然在策劃陰謀」然後在黑板上畫各種毛的樣子
(這邊補個圖怕有人看不懂，感謝 B34補充)
https://i.imgur.com/DbG07Qg.jpg



2/26 新校暴受害者發文(附畢業紀念冊)
韓網原文：https://www.instiz.net/name_enter/77424366?frompc=1
——圍觀別人挨打並在後面開心得罵，20人左右成群結隊玩，國三開始形象管理，爆料者因為那件事情在吃精神病藥物，希望他也能得到懲罰


2/26 新校暴受害者發文(附自證)
韓網原文： https://m.pann.nate.com/talk/358056191
隨後有多人爆料(部分附自證，部分無)： https://theqoo.net/square/1864057308

——統整出以下內容：
兩個受害者一個目擊者，受害者中有一個是自閉症患者
對受害人B(男)：與小混混一起去B的班級，小混混抓了B的胸部並說「你要是女生，這樣做就會讓胸部變大」，珉奎在旁邊笑並且也抓了B的胸部
對自閉症患者C：朝C的臉上扔垃圾，強迫吃糖果紙，會故意拍C的桌子嚇他

【2/25、2/26豆瓣全文翻譯】：https://www.douban.com/group/topic/213098707/
【豆瓣時間線整理】：https://www.douban.com/group/topic/213037816/?dt_dapp=1

對於2/25及2/26的新爆料，所屬公司PLEDIS目前暫無回應"
235443206,學妹彎彎的前科行為列舉 大家幫我評評理！,"大家好
連假前被學妹用抱抱爆擊的我心情已經平復許多
也已經狠下心來洗了澡
這兩天和學妹也有持續聊天
決定向大家揭發她偏彎的惡行惡狀（？）
免得大家都覺得我小腦太發達太易暈！
突然發現排版很糟糕⋯我我我如果有下次會更注意！

以下事蹟列舉：
1. 很喜歡從背後來！有的時候在系館的走廊和別人聊天，學妹看到我都會從後面跑過來拍我、抱我，等我轉頭看她燦笑完之後跑走，甚至有一天直接跳到我背上！我那個時候還在跟朋友聊天（是共通朋友），又是因為害羞緊張，乾脆跳了一下用手往後接住她，就背著她聊了一會兒，我猜那個時候她很很傻眼吧⋯幹嘛不放他下來⋯啊！啊我就緊張啊😓

2. 很喜歡幫我整理儀容！我承認我是少根筋的人，有的時候因為趕著上課襯衫的領子有的時候沒翻好，袖口的扣子沒扣好，瀏海有的時候翹起來什麼的都沒發現就趕快衝衝衝去上課。而且通常這些日子都會在校園無意中遇到學妹，她總是在遠方看到我就跑跑跳跳的（自帶光芒）跑來我身邊，先唸個幾句「哎唷今天怎麼又這樣亂七八糟呀」有一次還小小聲的說了我好可愛😳😳😳，然後墊起腳尖（我比他矮了一些些）幫我整理領子、扣紐扣、撥瀏海什麼的⋯當然也有的時候只是把我的頭撥亂說好像小男生就跑走了，我？？？把我預備的心動還來😭

3. 非常喜歡skinship！就像前面說的，很喜歡抱抱什麼的，最近越來越常鎖定我的手了！我知道平常女生的好朋友也會牽牽手勾勾手什麼的，我和其他女生朋友也會這樣子，但學妹給我的感覺就不一樣！她齁，有一次說要來我租屋處看鬼片，為了禮貌我一開始還跟他保持距離，雖然蓋同一個小被被，但還是有隔大概可以再坐半個人的距離。還在播片頭的時候就叫我不要那麼遠，我一開始禮貌性的靠近一些，她卻直接一把抓住我的手臂，把她的小頭（香香的）靠在我的肩膀上，恐怖的時候甚至會躲到我的懷裡。我們那一次看的宿怨，我到現在只知道裡面妹妹的頭斷掉，其他都不記得了啦！有一個學妹的頭靠在我的肩膀上，我整部電影比裡面的主角還要緊張害怕⋯但其實還是蠻開心的哈哈哈哈

4. 愛來租屋處找我！經過那一次看電影，她時不時的都會來我租屋處找我，可能是找我吃飯或者只是來我房間玩電腦遊戲。又有一次，我記得那天很晚了大概12點多，學妹突然打給我問我在不在家，她說她肚子好餓，想要來我家附近的鹹酥雞店買宵夜，問我有沒有空，要不要一起吃。我當然說好，開心的馬上就跑到樓下等她，當然她在20分鐘後才帶著淡妝出現，其實我覺得她化不化妝都很好看，又一雙大長腿的，穿個短褲出門就很完美了😭但是那天她的淡妝讓我覺得特別漂亮，啊！離題了啦！她就點了一些付完錢，回頭一副無辜的問我：「這附近有地方可以坐著吃嗎？想跟你聊天，最近準備考試壓力好大⋯」我想了一想，就提議了在5分鐘路程的便利商店吃。結果到了那邊，竟然給我史無前例的滿座！？好像大家都很有默契的一個人來，坐滿了所有的桌子⋯這個時候看到學妹失望的表情，我竟然也瘋了一樣的邀請她來我家吃，她聽完就掛上了好大的微笑，「可以買飲料給我喝嗎☺️☺️？」好啊，當然好！來到我房間，開始聊天吃宵夜，一開始都很正常，除了沒看過咀嚼雞胗也能這麼可愛的人類，就這樣到了2點多。她抱怨著課業壓力和一些社團活動遇到的事情，感覺得出來她的眼皮已經很重，我就勸她時間不早了，我陪他回去學校宿舍什麼的，她都回我「我還不想走嘛！不要趕我走」我也不好意思一直催她，但那個時候又感覺主動邀約過夜不太好，現在想起來其實一般朋友留宿感覺其實還好對不對，怎麼感覺這篇文變成我的認罪文😭後來就在我出去外面走廊裝水的時候，回來看見她躺在我床上睡著了（原本就她坐在床上，我坐在椅子上）我一個心軟還幫她蓋了被子，收了收垃圾，沒有叫她起來。但是！大家還記得我說她有化妝嗎，我超級擔心這張漂亮的臉蛋爛掉，還幫她在床上卸了妝（現在想起來是不是很沒禮貌⋯搞不好他不想要我幫忙？）話說回來，她睡得可真香耶，在沒認識多久的朋友家裡就這樣睡著，不會危險嗎！我看著她長長的睫毛，挺挺的鼻子，小小的嘴巴，還有剛被我卸妝完光滑的肌膚（一直強調），我決定我要睡巧拼了！我不行就這樣上床跟她睡。我記得我枕著書包，拿了多的浴巾蓋著睡，不是因為巧拼太硬睡不著，而是我聽著學妹熟睡的呼吸聲，心裡一直想東想西的完全靜不下來😭隔天早上她比我訂的6.鬧鐘還早起（我怕他有課要回去整理），她搖醒我「你怎麼沒有叫我起床！」「你怎麼睡這裡！」「你怎麼沒有跟我一起睡床上！」「你這樣會感冒啦！怎麼不跟我說⋯」類似這樣問了好多問題，我迷迷糊糊的也不知道怎麼回答就先起床了。我洗漱完，去幫她買了牙刷，她很開心的刷完牙把牙刷留在了我家，她因為真的要上課就趕快回去了。送她出門我回到房間，看著沒整理的床上學妹的印子還有浴室的牙刷，覺得好好笑也好開心，難道這就是戀愛の滋味！

5. 她最近說之後想跟我一起住！這邊附上當時的聊天記錄，
https://i.imgur.com/miMXPZV.jpg
大家可以看到截圖的一開始就是一句「我好想你」爆擊，害怕如我直接略過哈哈哈哈。另外因為之前口頭聊天的時候因為興趣相投，就有聊到自己理想的家差不多就是一間娛樂的房間，我的話想要放PS5什麼的，她的想要超大投影螢幕或牆壁可以看電影，然後另一間就是很大的床和窗戶什麼的，前面也有聊到自己喜歡的床，所以不是同床睡的概念啦！不然我早就暈了，不可能這麼鎮定！我超喜歡熬夜，所以就問他我可不可以有自己的房間，不想吵到她什麼的，然後她就有了以上反應，🙂🙂🙂🙂🙂🙂🙂🙂🙂笑得我心裡發寒⋯

我現在想到的大概是這些，還請大家多多指教😭我的大學最精彩的部分可能就是學妹了😭不想要搞砸啦"
235441102,四款光澤粉底分享🥰,"嗨~我來了
身為混合肌的我，只有冬天時敢用光澤粉底，但是偏偏冬天的我兩頰乾燥容易卡粉脫皮..
簡單分享一下，這次冬天用的光澤粉底吧~
1.蘭蔻 超激光精華水粉底
2.Suqqu 晶采豔澤粉霜 
3.雅詩蘭黛 粉保濕粉底精華
4.植村秀 無極限光澤水粉底

用圖片來附上簡短的個人心得給大家參考~
https://i.imgur.com/mmbXOIE.jpg
https://i.imgur.com/OmhAnOd.jpg
https://i.imgur.com/k9NSQuC.jpg
https://i.imgur.com/HixrVMK.jpg
https://i.imgur.com/0HPfHl3.jpg"
235442168,終於等到這集了！,"https://youtu.be/wWbeKaYGvRs
等好久了
究竟清大人社vs台大醫
誰會勝利呢？
給九面一個respect！"
235442768,大眾占卜，未來三個月我的感情發展狀態？,"🌹前言：
發大眾占卜一段時間了，其實留言我大部分都會看，能跟你的能量對應到我也很開心。
能幫助別人解決困惑和問題一直是我占卜的初衷。
然而每次的文章我也一定會看到有人說，選項結果都是一樣呀⋯⋯類似這種的留言，這次我針對這些留言給一個回覆，解決看大眾占卜者的疑慮。
我的占卜從一開始強調的就是實抽，每個選項我都會用完整卡牌重新洗牌再抽，我並不會設定每一次的占卜選項結果一定有好的跟不好的。因為我希望是能量使你們對應到屬於自己的卡牌。
而不是僥倖的想要有抽到好選項的想法。
如果有認真看我的文字解說，你會發現即使結果一樣但是內容是不一樣的，例如喜歡，有程度上的喜歡，普通、很、非常。結果都是在一起，但是有分目的性，單純性⋯⋯等。
⚠️因為只要卡牌不一樣，組合起來就不會有一樣的答案！

🌹 大眾占卜，未來三個月我的感情發展狀態？
默念我是誰，和問題三次，確定好後選擇一張最有感的牌🧚‍♀️
https://i.imgur.com/1HSGHa1.jpg
｜
｜
｜
｜
｜
｜
｜
｜
｜
｜
未來三個月的感情發展狀態？
♦️3 
https://i.imgur.com/EsNUstk.jpg
幸運草 蛇 山
單身的朋友：未來三個月你們會有機會遇到心儀的對象談一段感情，這個對象有機率是你曾經的舊識。一開始在關係中你會很開心，然而一段時間後，對方就會露出本性，會開始隱瞞你一些事情，使你們之間的關係產生隔閡，逐漸冷淡僵持。
有對象的人：
你們之間是不是已經存在彼此不夠坦誠的問題。一方對於另一方也已經開始產生懷疑，覺得有時候，對方並沒有把真實情況說出來或是欺騙了些什麼，這些情況會使得你們之間關係越來越疏遠僵化。建議可以找個彼此都冷靜可以好好談一談的時間，解決彼此疑慮。

♦️k
https://i.imgur.com/HBAWZJP.jpg
十字架 鳥 船 百合
單身的朋友：一部分人剛經歷了一個痛苦難受的感情，曖昧或是分手離開一個人。並且上一段感情讓你害怕談感情這件事。
未來三個月你是有機會遇到對象，這個人個性比較成熟或是年紀比你還大，他會以帶你一起出去玩，一起去旅行為你們之間增加相處還有讓彼此感情增溫。
有對象的人：
其實這段感情對你來說已經遇到困難或是一種負擔，有時讓你不知道怎麼解決，雖然偶爾你們還是很合，但是隱約就是有問題存在，好的時候很好，不好的時候很糟。建議可以規劃雙方都可以配合的小旅行，以及適時解決問題，看自身有沒有可以做轉變，使關係有好的變化。

♦️8
https://i.imgur.com/6qgrwbW.jpg
百合 太陽 小孩
單身的朋友：選到這組的朋友，一部分人已經單身一段時間，個性偏成熟。
未來三個月有機會遇到對象，這個人會讓你覺得自己很有魅力，而且也會很懂的讓你開心，你們之間會順其自然一步一步的往前達到彼此的平衡。
有對象的人：你們的關係會朝著穩定長期發展來經營，對彼此感覺都保有戀愛感，不需要把你們的感情關係想的複雜，聽心的聲音，就會知道怎麼走下去，你也會感到很幸福。

♣️9
https://i.imgur.com/35orJgp.jpg
魚 山 房子
單身的朋友：
未來你有機會遇到一個很聊得來處得來的人，但是你們只會處於朋友階段，對於更進一步，雙方無法達成共識，會使得你們之間產生問題。
有對象的人：
未來三個月你們很可能會因為錢財上的問題發生不愉快，使關係僵持不下，即使表面上你們還是在一起，但其實你們知道關係已經有問題存在。"
235443889,男友多了一個女朋友,"以下為實際案例：

1.跟我約好了時間 卻可以因為媽媽叫他做什麼事而遲到或是毀約
他快要生日的時候 我提前很多天跟他說 你生日當天要留給我喔 我要幫你慶生 到了前幾天他告訴我他要陪媽媽吃完中餐才跟我過 我也答應了 結果真正到了的時候已經晚餐時間了⋯ 我等他等了一個下午 只是因為他們去了太遠的地方 回來塞車 直接毀掉生日計劃
或是我們明明約好一個時間要見面 也可以因為媽媽叫他做什麼事情而遲到

2.每個禮拜都要回家陪媽媽吃飯
不管是颳風下雨都堅持要回家 就算我在家餓肚子等他也一定先跟媽媽吃飯再來找我 除非他媽有事 不然我都是第二順位

3.看到新奇的事物都不會跟我分享 但會傳給媽媽
他跟我在一起的 大部分時間都是我在講話 我也問過他為什麼都不想跟我分享他的生活 他說因為他覺得他的生活很無聊 沒有什麼值得告訴我 但每次我們走在路上看到什麼很漂亮 什麼很特別 他都會拍照傳給他媽媽看 我們一起出去玩 到了什麼景點也會拍照傳給他媽看 說下次再帶他來

其實一直以來我都覺得自己是個很有長輩緣的人
所以跟男友在一起一段時間後 我也會開始提出可以跟他家人吃個飯 認識一下
至少讓他家人可以知道他是在跟怎樣的女生交往
但他的家人好像都不太願意認識我
因為他們覺得沒有必要 
我們也不是論及婚嫁的關係
所以每當我提出來的時候 男友總是會說 以後再說
就算走在路上遇到他爸爸媽媽 男友也不會介紹我給他們認識
我跟他的家庭算完全不同
從小時候我爸媽離婚
我跟著爸爸換了三個媽媽
最後變成自己一個人生活
我一直都不在他們的規劃裡頭
可能一年才會見一次面
相較於男友幸福的家庭 我其實也很自卑 
也不知道會不會因為這樣他們家就沒有辦法接受我
所以我很努力想要證明給他們看 就算家庭有殘缺 
我也很努力的自己一個人過得很好
但他們不願意認識我 我也不知道從何證明
每次聽到他跟我說 不能陪你喔 因為要回家陪媽媽
其實我心裡都很失落
我並不覺得男友是媽寶 因為那些事情都是他自願去做的
更準確來說 他應該比較像媽控吧⋯⋯

除了這點 他在其他方面都很完美 也很照顧我
我也很愛他 
不想錯過這段緣分 但又過不了媽媽那關
實在是不知道怎麼調適心情
所以上來問問大家的意見😢"
235445134,#試色 不專業試色之八強爭霸戰,"唇膏這種東西總是覺得少一隻
趁著連假無聊來試一下還放在檯面上的妃子們
打入冷宮的就先不翻了～

趁著這次整理也讓自己冷靜下來不要再剁手了🥲
目前最常翻牌的有八隻（不算護唇膏的話）
但我不太會形容所以只是認真試了下色

第8名
💄Etude house 玩美色計絲絨唇膏 Pk007
這算是我正式踏入唇膏地獄的第一支（？
霧面質地算是我的唇膏中偏粉的一支
https://i.imgur.com/TLTTqta.jpg

第七名
💄Romand 果汁唇釉 jujube 07
大名鼎鼎的果汁唇釉，被版上燒到不行還一次買了三個色（7、8、11）但個人比較喜歡07
這支擦起來很有光澤感只是果汁味道有點重
https://i.imgur.com/p4ll4BV.jpg

第六名
💄資生堂釉面唇蜜 carol spark306
人生第一支專櫃唇膏居然是資生堂的（？
版上也很少有人在推資生堂系列的唇膏唇釉
其實當初是我朋友要走植村秀不小心眼殘走進資生堂
當時還有刻名字的活動加上櫃姐很天使的幫我們試就剁手了
這支比較帶橘上面還有一閃一閃亮晶晶的東西（抱歉我不知道他是什麼
顏色很好看但是這支塗起來卡卡的
https://i.imgur.com/adXF3CX.jpg

第五名
💄 M.A.C Good form 
很百搭的烏龍奶茶色
這支當初是官網買1500送的
M.A.C唇膏的cp值都蠻高的
只是不太喜歡他們家唇膏的味道就是🥲
https://i.imgur.com/IbEgMJi.jpg

第四名
💄 M.A.C Taupe
之前有在dcard上分享過這支
也是很經典的奶茶色
https://i.imgur.com/CPAdEnt.jpg

第三名
💄3CE daffodil
近期在好物買的新歡！
雖然是霧面質地但完全不乾
白皮擦會更顯白！
https://i.imgur.com/uru2Nic.jpg

第二名
💄 絕對情迷鏡面唇膏禁果釉惑 932
這也是被大家燒到體無完膚的一支
不要看他看起來真的很醜！！
但這個奶茶色真的買到不後悔
好塗味道也好聞
特價買的時候一支才210（如果99搶得到的話更好啦
Cp值我給5顆🌟
（很想給他第一名但包裝實在不行
https://i.imgur.com/WVOTBzg.jpg

第一名
💄 YSL 時尚印記絲絨唇露 #23
女孩一生一定要有的一支YSL
當時原本是要買小粉館，但櫃哥說要等到六月了
於是就買了這支 
雖然真的價位有點高🥲

而且我最愛的是YSL的味道是淡淡的葡萄酒味，感覺擦久了會醉（？
https://i.imgur.com/i11CH4W.jpg

到後面試的有點累，所以有些沒畫好修圖也亂修
大家無聊看看就好
大合照一下 也提醒自己不要再鬼打牆🤣
https://i.imgur.com/N2t5jZ7.jpg"
235441503,與我的歐膩同居滿一個月之發生的趣事🏠,"https://i.imgur.com/obCxE0z.jpg
哈囉好久不見
剛剛發現上一次發文居然是去年十一月了😳

來分享一些平時我們兩個的小小趣事～

某一天凌晨，我躺在姊姊懷裡還沒完全清醒時
：現在幾點了？
：什麼？？
：幾點～？？？現在
姊姊還是一臉沒搞清楚狀況的樣子
：지금 몇시?(現在幾點）
：아~7시? 아마? （啊！也許七點吧）
然後我就繼續睡著了😪
等到了九點多鐘
姊姊著急的拍拍我說
：我聽得懂妳剛剛說的中文！只是剛剛我也和還沒完全清醒過來而已🥺
：什麼中文？我有說話嗎？
兩個人討論了半天，最後發現我好像是在說夢話
反正到現在還是沒搞清楚到底是怎麼一回事😂
———————
姊姊每天都很認真的在學中文
有一天家裡的牛奶沒了
於是她就很興奮的說
：我下去買！！
：你自己一個人可以嗎？😳
：可以！
然後就換上外套 咚咚咚的出門了
（回來之後）
：老婆！我剛剛有跟店員對話哦～（驕傲臉）
：說了什麼？
：請幫我加值（悠遊卡）💰、還有問我要不要發票
：妳都聽懂了？
：嗯！我有學過！所以我會說🤓


continue....

〰️未完待續.繼續和姊姊一起解鎖每一天〰️
 @ckcouple 🤍🤍"
235446936,怎麼把旁邊的車子P掉,"昨天我跟男友去台中的「櫻花鳥森林」，男友的拍照技術整個大爆發，怎麼拍怎麼好看，唯獨其中一張⋯⋯⋯以下
https://i.imgur.com/sbwYF3P.jpg
這張照片唯一美中不足的地方就是一堆車子🚗，我請了身邊的修圖達人；我妹和我哥，他們都說這張照片難度非常高，幾乎沒有原背景🥲修完會變成⋯以下
https://i.imgur.com/2sTKKjc.jpg
我妹修到崩潰直接把我弄不見
https://i.imgur.com/pYj5IDB.jpg
或是用我的身體去把車蓋住
https://i.imgur.com/tKEUzGC.jpg
請問誰可以教教我要用什麼軟體😢
另付一張正常不用修圖的美照😎⋯⋯以下
https://i.imgur.com/6AAdLA1.jpg"
235444380,#請益 韓瑜的口紅,"之前就有發過一篇在討論韓瑜的妝容啦
可是我還是很好奇她這種非主流的唇色是什麼顏色欸，有點暗黑色的口紅，她擦看起來不會沒有氣色反而看起來更強勢
厲害的大家知道她這個唇色是什麼牌子的口紅嗎？
https://i.imgur.com/X9YT0Y1.jpg
https://i.imgur.com/Y4sacDu.jpg
https://i.imgur.com/AHjIRq0.jpg"
235442427,男友疑似有私生子,"回應在 B70
大家別噴啦 我遇到這種事也很難過😭

——————————正文——————————-
論及婚嫁的男友今天突然問很多如果他有私生子我會怎樣的話
後來才知道原來他前女友疑似有他的小孩
（因為覺得太吃驚了所以用字遣詞比較不適當

https://i.imgur.com/ft12gbn.jpg
https://i.imgur.com/BFRL4dJ.jpg
https://i.imgur.com/djF1WtD.jpg
https://i.imgur.com/MsmkFUj.jpg
https://i.imgur.com/twCSeaU.jpg
https://i.imgur.com/Oijca2t.jpg
他後來是說 當時比較缺錢
9000去驗dna不如去買尿布給他
到後來也覺得驗了沒什麼意義

然後又說他媽媽覺得小孩跟男友長得很像
覺得真的是他的小孩
很喜歡那個小孩 想要接回家養

我問男友 那他前女友的意思呢
他就說前女友一開始想養
現在有點不想養了
因為發現養小孩很貴

我又問男友 為什麼以前都沒聽你提起此事
他說因為覺得小孩不會到他手上
就想說不用特別跟我說

主要是男友爸媽很想要這個小孩就是

第一次聽到這種事會發生在我身上
覺得誇張 有點不知所措
https://i.imgur.com/HAQbIRI.jpg"
235443810,優質cosplay,https://megapx-assets.dcard.tw/images/57a22cb7-3880-4e83-97a1-510a691bd1d9/1280.jpeg
235447816,對於泳衣，我一率建議穿這樣,"最近板上蠻多妹妹在問游泳課應該穿怎麼樣的泳衣
穿這樣會不會太露？這樣會不會太像小朋友
這樣的問題真的見仁見智
但如果今天要上游泳課
身材不好不想太露或是覺得有男生不自在
我真的一率建議穿leggings 
不會太露，只露出適當線條其實最好看👍
https://i.imgur.com/JJRmH2P.jpg
網路上買真的蠻便宜的一整套不到一千
至少他很緊不會曝光也不會不舒服
胖胖的女孩穿這種真的可以小一號
瘦瘦的女孩直接變鉛筆腿👍
然後上身搭配運動內衣只展露腰線也比較不會害羞
如果覺得太露再加一件運動背心就好
我穿這樣下海下游泳池從來沒有覺得不舒服過
因為材質跟泳衣接近其實從水裡出來也不至於一直滴水
我甚至覺得比泳衣還要快乾
整體只有一個的困擾就是比較難穿脫～但就是花點力氣、時間而已
祝大家多對自己有自信～
有問題再問我吧～"
235445219,你就這樣離開了,"訊息凍結在2/21
今天是2/28
也是你離開的第七天
一個在南部讀書一個一樣在北部
（我們都是北部人）
當初在遊戲相遇你來找我
後來聊一聊發現你是我的學長
我們都是火象星座難怪這麼合
聊了幾個月後發現對互相有感覺
因為我南下讀書
所以原本能見面的機會更少了

直到你南下來找我
我們約出來吃個飯
也提升了對彼此的感情
雖然這不是第一次約見面
我也因為約見面失敗有點生氣
但這次我們才順利的等到對方

而且你知道我不喜歡人多的地方
還很努力找了一些人很少的約會景點
雖然有些地方真的很無聊
但是再無聊又怎樣反正有你就好
而且也是你努力想出來的景點
走一走你卻突然牽起我的手
我沒有甩開也無懼那些異樣眼光
希望你留在我手心的溫度
一直一直存留在心底
約會回去之後才確定了我們的關係
從一開始的問候變成了肉麻的訊息
從一開始的電話變成了天天視訊
一開始的各自晚安變成了相約入眠

你上班很忙
但還是會抽空提醒我
要照時間吃藥
你下班很累
卻說要等我一起睡
因為你知道我作息不正常
希望我能早睡
只是有時候你會不小心睡著

你酒量不好
還是會陪我喝酒
你怕我喝醉沒人照顧我
因為我喝醉會打電話給你
你不會生氣
反而會等我睡著才掛電話
你知道我有不良習慣
但不敢唸我
因為怕我會生氣
所以你說你用關心的
你不敢吃辣
因為我喜歡吃所以你去嘗試

你每天都很欠揍的隔著螢幕
說我臭催我去洗澡
不然就是說我都不早睡
愈來愈像熊貓
哄我快點睡覺


沒想到那天你竟然出了意外
你離開了


你已讀我傳給你的早安
中午問你吃午餐了嗎
卻沒有了消息
還以為你又有什麼事要忙
又不能見面了
我還是跟平常一樣
等你忙完等你回訊息
但是到了很晚訊息也沒回
電話也打不通
沒想到一等就是好幾天
好不容易找到你朋友
等到的是你出意外的消息
才知道你離開了

明明感覺才剛開始
但是你卻離開了
謝謝你帶給我的這3個月
我很開心因為有你
想見你卻沒有機會了
只能把你留在記憶裡
卻永遠沒有再見的那天
很想你但還是把訊息都刪了
因為怕看到訊息會更難過
還有平常看到會小走心
白目訊息也看不到了
看到你對我白目的訊息反而哭了
那些甜言蜜語沒有感覺
比起你說愛我
我更喜歡你催我洗澡
哄我睡覺
還有好多事情還沒一起做
但是也等不到那天了"
235445119,#閒聊 別家粉絲寫的防彈真人後記,"在微博看到粉絲翻譯的韓網貼文
覺得很有趣分享過來給大家看一下😆
(手機排版，圖片很長請見諒^^"")

https://i.imgur.com/eqvGOIR.jpg
https://i.imgur.com/wt8WYpS.jpg
https://i.imgur.com/5M1nBix.jpg
https://i.imgur.com/u2jeGPJ.jpg


https://i.imgur.com/R1gwuaj.jpg
https://i.imgur.com/vbOmj10.jpg
https://i.imgur.com/lEDN2Us.jpg
https://i.imgur.com/7zo2VoZ.jpg

想知道這邊有人見過防彈的真人嗎？
是不是真的感覺跟螢幕上不太一樣？
看過很多真人直擊大部分人都說jimin本人長得非常冷
完全是生人勿近的冰山美男，一個眼神射過來會讓人凍結在當場，完全不敢上前搭話😂
https://i.imgur.com/svOCZc9.gif
而柾國的描述一定會有一雙"" 超 級 大 ""的閃亮亮大眼睛
大概是這個程度XD
https://i.imgur.com/ojBo9Yf.jpg

真的好想看看他們真人到底長怎樣！
現在滿腦子都是智旻xi的高冷王子ni形象😂
https://i.imgur.com/KgLhXNQ.gif"
235441168,入春的五套穿搭☻,"一陣子沒發文了！最近終於入春又可以拋棄羽絨衣穿上別的衣服了～ 

以下不免俗自我介紹👀
穿搭風格沒有特定～
有點微偏日、主要重點在遮住胖大腿🦵
穿搭顏色都不限💐

165/50

上身s下身m 
屬於腰細但沒有腰身、穿褲子都是屁股太緊腰太鬆的那種超生氣身材：）
外加大腿滿粗的所以穿搭重點都在能不露腿就不要露🐘

然後因為很多衣服都是隨意在路上買的或是媽媽給的，很多不知道哪裡來的，只會註記記得購入出處的單品🌝💖

Look1⃣️
https://i.imgur.com/ycRhOYy.jpg
https://i.imgur.com/1e2LT3I.jpg

這件百摺真的很有設計感！不是全部都是百摺看起來也不會太少女，用相似色調的毛衣和透膚高領內搭，最後因為看櫻花要爬山所以配了puma🌸
包包也是米粉色系👌


裙子：corban 
鞋子：puma
包包：bkk 

Look2⃣️
https://i.imgur.com/eInRdJO.jpg
https://i.imgur.com/bJULe4X.jpg
https://i.imgur.com/oeemYWC.jpg
https://i.imgur.com/3KjGp0N.jpg

這套混合帥氣尬溫柔，人手一雙切爾西總算入手超尬意🥳🥳🥳
配上黑色教練外套跟高領讓重點著重在黑、粉兩色🖤❤️
洋裝是用雪紡材質讓整體不要太工裝，尤其洋裝真的細節很夠前後不同顏色真的很特別～
飾品的話全部都是用銀色系點綴，包包跟上一套是一樣的👌


洋裝：mouggan
外套：carhartt 
鞋子：d+af 
包包：bkk 
飾品：蝦皮

Look3⃣️
https://i.imgur.com/axuJJsR.jpg
https://i.imgur.com/qSYatxa.jpg
https://i.imgur.com/tZA7k1G.jpg

這件連身褲長度超級夠，穿起來感覺腿很長🤣🤣
透過襯衫和毛衣營造日系感，包包跟鞋子也特別選用中性款讓整體感覺很休閒～
襯衫在冷的時候可以穿上在下擺綁結拉高腰線，熱的時候就綁在身上也很讚👍


連身褲：淘寶
鞋子：vans
襯衫：costco 

Look4⃣️
https://i.imgur.com/xCNy7hW.jpg
https://i.imgur.com/5X3yukm.jpg

前幾天難得轉熱終於可以穿短袖🥳 
全身都是藍灰色系在用全白腰包點綴
飾品一樣也是最愛的銀飾，戴上項鍊讓脖子感覺不會空空的！


西裝外套：meierq
褲子：蝦皮
鞋子：無印
包包：蝦皮

Look5⃣️
https://i.imgur.com/cklRRZk.jpg
https://i.imgur.com/C2nL0q9.jpg
https://i.imgur.com/sUTAQIF.jpg

全身都是選用垂墜感的單品，在雪紡襯衫裡面再搭上特殊花紋的內搭衣，只露出一點點讓那些花紋不會太搶戲🤣
褲子一樣是我愛的落地褲，讓腿無限延伸♾️
因為全身都是米杏色調也難得選擇金色戒指搭配～


褲子：mouggan
鞋子：puma x ader error 
包：bkk

☻以上五套穿搭感謝大家收看☻"
235443536,原來限動刪掉後還能找到,"不曉得是不是很久之前的功能了
反正我才剛發現
順便分享給還不知道的帥哥美女們🤣


https://i.imgur.com/bOXTAaE.jpg


設定-帳號-近期刪除"
235443413,覺得老公很彆扭,"跟先生結婚也快要滿一年了
不過對於稱呼來說
還是覺得叫他「老公」很彆扭🤣

但他對於「老婆」這稱呼好像很樂在其中
還沒結婚就開始叫～不停！

雖然他沒有特別要我改口
還說我可以繼續叫他「寶寶、阿寶」之類的都沒關係
但還是想問看看
有沒有人也是一樣，又是怎麼改口的🤣"
235441821,153の近期穿搭,"阿囉哈～大家好呀！🙋🏻‍♀️🙌🏻
我又來跟大家分享近期的穿搭了

話說第一週大家都有乖乖去上課嗎？
（還是直接從寒假連著228一起放呢🤔）

好的我們開始進入主題囉！以下是我近期的4套穿搭（如有任何問題或建議歡迎底下留言告訴我喔！謝謝大家🙏🏻🙇🏻‍♀️）

1️⃣第一套
https://i.imgur.com/YyqOF63.jpg

第一套主要走大地色系的路線，在洋裝上面搭配腰帶可以修身且看起來比例比較好，帽子及包包選用奶茶色，提高整體色彩一致性，最後底部在配個咖啡色的馬丁鞋就完成囉！🧸

https://i.imgur.com/8ZzMR0n.jpg


（這一段是買第一套洋裝的小故事
  可以直接跳過沒關係⋯⋯
  我話好多🤦🏻‍♀️但還是想跟大家分享）

我對這件古著洋裝算是一見鍾情吧！（還沒相處過就想跟衣服小姐交往了⋯唉不是這樣啦！

總之那天是這樣的，我走進去店家左看右看，默默的拿起了這件洋裝走去試穿，二話不說的要去結帳把她帶回家恩愛時⋯哇靠不是吧！錢包剩500忘記領了，跟同行的友人借吧！（友人打開錢包👝給了我一個抱歉又不失禮貌的微笑😊，好的我懂了）

我就走去店員姊姊旁邊說我能不能下週帶走🥺（剛剛開開心心吃大餐跟血拼後，現在沒有現金可以付了）幸好她很仁慈的幫我留了衣服。🥰

https://i.imgur.com/q6OC3nc.jpg

📍穿搭資訊
帽子：DiFF
洋裝：古著（純情百貨行）
包包：Michael Kors
鞋子：Magy瑪格麗特

2️⃣第二套
https://i.imgur.com/jw43lfM.jpg

第二套走一個街頭女孩酷酷路線（但我看起來不酷），整體色系偏暗色，一開始想要整套都是黑色，但覺得整身及配件都黑色有點太無聊了，所以後來換上一件古著印花裙，讓整體顏色提亮外，又更加活潑了點！

https://i.imgur.com/2AxDc04.jpg
https://i.imgur.com/HTp6kQK.jpg

📍穿搭資訊
帽子：Acave store
內搭衣：DiFF
背心：Acave store
裙子：Acave store
包包：roomee 
鞋子：認真忘記了☹️

3️⃣第三套
https://i.imgur.com/EMHXUDw.jpg
（開學前一天的穿搭，笑到眼睛不見了👀）

第三套走一個咖啡☕️配色路線！？在上身的部分選用黑色內搭打底，再加上咖啡色泡泡衣服可以增加層次，在下著裙子部分選用古著印花裙子，顏色與整體有呼應到且也成了整套的亮點！

https://i.imgur.com/EDHh4zV.jpg

📍穿搭資訊
帽子：Acave store
內搭衣：DiFF
上衣： E hyphen world gallery
裙子：Acave store
包包：朋友送的
鞋子：Magy瑪格麗特

4️⃣第四套

https://i.imgur.com/ed9iyv2.jpg

第四套這件洋裝一開始沒嘗試試穿看看真的不會買，試穿過後覺得它很不一樣，有種特別想被我帶回家的魔力，於是我就買單了！😏

（好啦～不是這樣的！還是有想一下再買）
這件洋裝以黑色為底，上頭的小花為紅橘色，讓整體原本低調的黑色直接高調且亮了起來，這是我覺得它特別的地方，由於這是洋裝的特點，所以在其他單品上我就選用低調的顏色來凸顯它的獨特性。

https://i.imgur.com/vn9WYMa.jpg
https://i.imgur.com/hZdn0gX.jpg

📍穿搭資訊
帽子：蝦皮
洋裝：Acave store
外套：Naturally jojo
包包：Longchamp
鞋子：淘寶

以上是我近期的穿搭分享謝謝你們看完（我每次都會不小心打了一堆字跟一些廢話🥺sorry)

有任何意見或問題歡迎大家留言告訴我
最後謝謝你們耐心看完😊❤️"
235442744,情侶日常穿๑⃙⃘◡̈๑⃙⃘,"有沒有覺得搭依個人喜好囉～


與男友交往到現在一年多
我們都是工作狂
他休假也只有休禮拜日
所以真的很少很少出門
而且他的衣服也很少
但算是百搭啦🤣


有的是自己的衣服
有的是另外購入的情侶裝
以下就來個幾套穿搭吧 •͈౿•͈
就不一一列出哪裡購入囉
都忘記了也太麻煩了 ~(˶‾᷄ꈊ‾᷅˵)~ 
想詢問哪裡購入可以留言～



這是在一起前偶然的配到色‎(͒ ⸝⸝•̥𖥦•̥⸝⸝)͒❤︎
顛倒配/黑+牛仔
https://i.imgur.com/o5dSoJJ.jpg


放天燈～超級簡單的情侶裝•͈౿•
https://i.imgur.com/S9x2Jwk.jpg


魚的祝福𓆟
白帽T+牛仔
https://i.imgur.com/M3TzfQz.jpg




3個顏色交換搭😆
https://i.imgur.com/jreu3Pt.jpg


出現好幾次的破褲😂


灰+牛仔
https://i.imgur.com/z8uTFW1.jpg



茶六的生日餐
也是直接情侶裝ʚ♡⃛ɞ
這套淘寶買的！
質量好到無話可說 (=̴̶̷̤̄ ₃ =̴̶̷̤̄)♡
https://i.imgur.com/ebIo4V9.jpg



去過澎湖的都知道這裡吧😂
這是一組藍色的搭配 (⁎⁍̴̛ᴗ⁍̴̛⁎)   
覺得這個藍色超好看～
男生上衣這套是情侶裝的
但是我覺得女生的不好看😂
所以我自己另外買一件藍色洋裝搭  ٩(๑ᵒ̴̶̷͈᷄ᗨᵒ̴̶̷͈᷅)و 
https://i.imgur.com/I8slBGZ.jpg



帶FENDI去新社花海溜達🌻
貓貓也跟我們一起穿搭🤣
卡其+黑
https://i.imgur.com/MvwYjaQ.jpg



過年去劍湖山
遊樂設施根本不用什麼排😂

灰灰搭😂
https://i.imgur.com/3NX3NTr.jpg


以上謝謝觀看🥺

希望之後還有更多時間可以粗企丸～
然後拍更多情侶穿搭照ꉂ೭(˵¯̴͒ꇴ¯̴͒˵)౨”


之前跟閨蜜拍的婚紗照也給你們看看😆
https://www.dcard.tw/f/girl/p/229677228?cid=995A4D32-C9DA-42C1-BA14-1504FC8895B6"
235442209,如何升級成布偶貓,"首先準備一條布

再準備一隻可愛ㄉ貓

接下來



Apple?

Pen?

Uh!


https://i.imgur.com/HY5dZ3T.jpg




（逼逼逼，有人舉報你虐貓）


偶..偶沒有（逃"
235440841,沒有鬍鬚的貓咪,"https://i.imgur.com/QqerTXD.jpg
我媽問我才發現這隻黑貓怎麼沒鬍鬚😂
貓咪沒有鬍鬚會怎麼樣嗎？"
235442712,刪Q到底欠全台灣人多少片，以及錢是由誰來出?,"去年刪Q自己說的不要到時候又推給柯文哲、中共、國民黨
https://i.imgur.com/Uowy60H.png
目前3個的進度是成功一個 失敗一個，
剩下那個成功就是 x 2/3 
失敗就是 x 1/3
原文說2020 現在遲到了一年算他打對折 x 1/2

雖然綠色韓國瑜可能會耍賴 但先假設他實現承諾，
用2300萬人來算 至少要花費9位數新台幣來履行這次的豪賭，
大家覺得那些資金會從哪裡來?
該不會是用人民的納稅錢吧🖕"
235443177,你上了嗎？,"大家有上嗎？沒上的話別氣餒，再努力準備一年，但是明年考試人數大概會比較多喔，畢竟是龍年..

其實牛年跟豬年真的很瓜張....

虎年真的沒啥人我問號  虎寶寶我覺得很可愛
那個牛寶寶怎麼這麼多人生 是要嚇人嗎？
讓我變成可愛的虎寶寶我不想當牛寶寶-.-
氣死我的門牙
https://i.imgur.com/vG2Zhls.png"
235444288,甘露寺善逸,"https://i.imgur.com/uhVOCN3.jpg
畫了個火龍果版的善逸😆"
235446093,#開箱 Celine白色tote包 超美！,"昨天和我妹出去閒逛，看到Celine出了白色tote小包
原本Celine的tote小包只有咖啡色，我揹不了太成熟的顏色所以沒什麼興趣，昨天看到白色，上身後覺得太好看了！秒買！
https://i.imgur.com/w46e63v.jpg
因為我妹咖啡色、白色和帆布都揹得好看，但我只有咖啡色揹不了就說白色吧，帆布容易髒。而且咖啡色她要一個人付，白色我和她一人一半，便宜好多🤣

但香港Celine不能拍照，所以沒有上身圖，看以後我要用的時候再分享☺️ 先拍一下它的外觀吧
https://i.imgur.com/M0VS2Lk.jpg
https://i.imgur.com/56RdYJK.jpg
我是在香港買的，港幣$11,000，換成台幣不用4萬，剛查了台灣的Celine要台幣$44,500比較貴😣

另外我和我妹年紀比較小，去別的店都不服務我們。因為原本是去Chloe看新出的tote包，之前很想買，但沒見過實物，逛了一圈也沒有人服務我們，包包也看不到。。但Celine服務超好，很值！

這也是我第一個過萬的手袋，之前去Chanel也有一個白色的包包想要，我朋友是在Chanel做的，原本都想要買了，但放不了手機就放棄了。

最後付上收據，買了才知道我妹有朋友在Celine工作，要吐🤢
https://i.imgur.com/uRQTOcK.jpg"
235445437,#分享 #進化史  從妖豔賤貨到清純學生妹,"以前化妝不知為何各種濃
假睫毛、變色放大片、鮮豔眼影、紅唇...
整個就是妖豔賤貨呀😂😂😂
現在根本逆齡成長，走淡妝嫩妹風，在路上還會被叫學生那種

先來個比對圖鎮樓
https://i.imgur.com/BUTUvLM.jpg
放在一起完全不敢相信是同一人呀
對於當初敢跟我一起逛街吃飯的朋友超級感謝😂

過年聚會翻舊照時
朋友看到我照片下了評價
**大姐頭狩獵中**（之前單身）
https://i.imgur.com/39XIVKE.jpg
**狩獵結束，變身溫柔婉約女子**（戀愛中🤫）
https://i.imgur.com/E55bno2.jpg
笑爆，真的是怎麼會差這麼多啦哈哈哈
不過風格大變，其實就是少了濃魅系眼妝、腮紅跟大紅唇妝
然後放大片改成透明片或是乾脆眼鏡妝容 😛🤭🤭
唯一不變的大概就是我的摯愛粉底FIT ME吧 

不管過去歐美大濃妝還現在的自然清純妝
FIT ME粉底液的霧感裸紗妝效都很適合
特別是跟我一樣一堆痘疤+鼻頭大毛孔+萬年浮腫黑眼圈和膚色不均
(都是年輕不懂事的痕跡呀😢)
底妝一定要好好選才能完美呈現妝容阿！


以下分享我的逆齡嫩妹妝畫法~~~
第一步：保養
化妝前當然要先把皮膚保養好
因為我是油痘肌，所以保養品都是以清爽保水為主
不得不說Kiehls對油肌很友善，夠清爽！
https://i.imgur.com/Hw9at57.jpg


第二步：底妝
基礎要先打好，後續的彩妝才會顯得乾淨
https://i.imgur.com/zjTRbnO.jpg
因為我眼袋是屬於浮腫凸出型
所以遮瑕色號會選比粉底液深&偏粉色系的
用一樣是FIT ME的遮瑕膏（色號25）
在眼下、痘疤等瑕疵處點上並用沾濕美妝蛋拍開
做完校色，不再做提亮動作

至於粉底液的用量只要兩滴
對！沒看錯！！用量就是那麼省！！！（這罐我真的是用好久）
只要兩滴就夠全臉+脖子
https://i.imgur.com/nUrvivu.jpg
一樣在整臉+脖子點上用濕美妝蛋拍勻
雖然控油但保持滑順水潤的質地，不乾好推開
https://i.imgur.com/OweiygX.jpg
因為用量省，所以妝感很輕薄透，沒有厚粉滿服貼的
https://i.imgur.com/1TvSvAo.jpg
甚至最難搞的眼下和鼻翼處也不浮粉
毛孔遮瑕度很高，瑕疵九成九都不見
完全名符其實的「反孔」！


第三步：彩妝
跟以前濃魅色系不一樣，顏色改選溫柔的淡粉裸棕色系
打亮也是輕點一下眼中而已，不像以前整個眼窩都給他刷好刷滿😂
睫毛膏、眼線、眉毛學乖改用溫柔棕色系
不具攻擊性，走溫柔甜甜風
https://i.imgur.com/N9Occs7.jpg
修容、打亮和腮紅其實跟濃妝期也是同樣的產品啦
只是都改成輕輕掃過，尤其打亮下手不會再這麼重了😂
https://i.imgur.com/Du1dnTp.jpg

所以說前面底妝講解特多不是沒意義的~~
底妝遮瑕服貼，後面的腮紅、眼影、打亮才會顯得乾淨自然
https://i.imgur.com/gOyHGDN.jpg


最後擦個粉嫩色的唇膏～～就完妝可以出門玩耍啦✨
https://i.imgur.com/6uf2iGJ.jpg
再次強調，底妝是所有一切化妝的基礎
底層垮了，上層的彩妝也會跟著糊掉
雖然說這罐我用到晚上T字和臉頰還是會有些出油
但對油肌來說已經很棒棒了！
加上它隱形毛孔的效果，真的是讓我穩穩地用了多年
從嬌豔賤貨茶水婊到清純軟嫩學生妹
唯一不變的就是FIT ME反孔粉底液了


最後再來複習一下
https://i.imgur.com/6InXXDr.jpg
左邊看起來就是班上那種會欺負乖學生，抓人家頭髮嗆聲的太妹阿
然後右邊的大概就是那個被抓頭髮的乖學生吧
😂😂😂😂😂
男友看到我以前照片表示不可置信阿XDD"
235441927,🌸🇰🇷romand最新睫毛膏分享👀✨,"哈嚕大家好！
最近看到romand出了新款睫毛膏💘，回韓國後馬上就一口全下單🤣
https://i.imgur.com/YFTYCug.jpg
https://i.imgur.com/AACbalA.jpg
這次的包裝跟唇膏一樣很有質感🤍
而且剛好新品上市所以還贈送了迷你版口紅💄！
（後面會一起介紹）

首先就先來看看我們今天的主角們吧😎
https://i.imgur.com/GAuZacV.jpg
從照片上就可以看出刷頭的不同👆🏻👆🏻

•左邊淺色的是LONG BLACK（纖細）
•右邊深色包裝是VOLUME BLACK（濃密）


纖細的刷出來👇🏻
https://i.imgur.com/uR8S1lb.jpg
濃密的👇🏻
https://i.imgur.com/M2UeObG.jpg

原本還想說romand身為唇膏大戶，說不定睫毛膏不一定很厲害，但效果比我想像中的突顯🙈
而且很快就乾了，稍微用手指撥一下也不會染到～
我自己還蠻滿意的！！已成為新歡！！


同場加碼一下唇膏💄
https://i.imgur.com/7wRKNGZ.jpg
https://i.imgur.com/qBH5Hfl.jpg

收到的竟然也是韓服系列的包裝😍還是迷你版直接被可愛爆棚💘
顏色是12號OMIJA TEA，蠻顯色的而且很美💋
https://i.imgur.com/Vv0uwSJ.jpg

大家也可以看影片版的，裡面就是還有其他分享🙈
希望今天也有燒一波大家🔥
https://youtu.be/_MsjcMk-YKQ

有興趣也可以看看我的其他文章唷🥰

https://www.dcard.tw/f/food/p/235254229
https://www.dcard.tw/f/house/p/235184174
https://www.dcard.tw/f/girl/p/234879842
https://www.dcard.tw/f/makeup/p/234774054
https://www.dcard.tw/f/korea_study/p/234397129
我是在韓國跑跳中的🥑，我們下次見！掰掰👋🏻"
235446258,潘海利根｜氣味圖書館小香套組📚,"👇👇 逛逛更多好物商品 👇👇
https://www.dcard.tw/goods

https://i.imgur.com/QnA1KtY.jpg
來自英國倫敦的百年香氛品牌👑

潘海利根-英國皇家御用香氛🏰
英國御用香氣潘海利根試管香水禮盒：十種味道組合😍
https://i.imgur.com/6IG90sx.jpg
👇🏻香味包含👇🏻

（1）Empressa廣霍之匣淡香水2ml
前味:血橙
中味:玫瑰
後味:琥珀

（2）Luna月亮女神淡香水2ml
前味:檸檬
中味:玫瑰
後味:龍涎香

（3）Elisabethan Rose伊麗莎白玫瑰淡香精2ml
前味:榛果葉、杏仁油、肉桂
中味:紅百合、千葉玫瑰油、玫瑰精油
後味:香根草、麝香

（4）Blenheim Bouquet布倫海姆淡香水2ml
前味:檸檬、薰衣草、萊姆
中味:香料、松樹
後味:麝香、木料、黑胡椒

（5）Duchess Rose獸首狐狸淡香水2ml
前味:柑橘
中味:玫瑰
後味:麝香

（6）Lord George獸首公鹿淡香水2ml
前味:琥珀
中味:白蘭地
後味:香豆

（7）Quercus皇室橡樹古龍水2ml
前味：檸檬、萊姆、甜橘、佛手柑
中味：茉莉、野百合、小荳蔻
後味：橡樹苔、檀香、白松香、麝香、琥珀

（8）Juniper Sling 杜松司令淡香水2ml
前味：肉桂、柑橘白蘭地、當歸、杜松子
中味：荳蔻、皮革、黑胡椒、鳶尾木
後味：紅糖、黑櫻桃、岩蘭草、琥珀

（9）Endymion牧羊少年古龍水2ml
前味：佛手柑、橘子、薰衣草、鼠尾草
中味：天竺葵、咖啡精華
後味：岩蘭草、肉豆蔻、黑胡椒、小豆蔻、麝香、皮革、檀香、薰香、乳香、沒藥

（10）Halfeti 黑玫瑰淡香精2ml
前味：甜檸檬、綠葉調、苦蒿
中味：玫瑰、肉豆蔻、番紅花、肉桂
後味：沉香、皮革、雪松、麝香、檀香
https://i.imgur.com/NbdtFB5.jpg


🚚變身王子公主，研究員幫你出運費 🚚

 =======================================

💡 好物研究室的諮詢管道：ecservice@dcard.cc 
若有訂單及商品問題 請來信找研究員並附上訂單編號或是收件手機號碼唷！ 
如果想許願也可以寫信給我們喔 ❤
研究員回覆時間 ✍🏻 工作日 10:00-18:00

❤️ 好物研究室官方 IG ❤
https://www.instagram.com/good_choice_taiwan/

會不定時舉辦限時抽獎活動並介紹各式新商品
還有各種你想不到有趣、新奇的貼文歡迎小火種們追起來！
來跟研究員互動唷！
如果想許願的話歡迎私訊給我們喔！

=======================================

【好物研究室怎麼逛？玩轉教學來啦！】
https://www.dcard.tw/f/buyonline/p/233225144"
235445118,被迫塞棉條上游泳課 男老師：不服就開醫生證明「塞棉條有礙身體」,"https://i.imgur.com/zlOWjhc.jpg
台中市有家長在臉書抱怨，女兒在學校上體育課，竟被男老師強迫要「塞棉條上游泳課」，但女兒才國中而已，也不是游泳校隊，所以問大家會按照老師的指示去做嗎？且透露男老師表示如果不願意照做，就一定要開醫生證明，讓網友看了超傻眼。
https://i.imgur.com/UgCzGse.jpg

原PO在臉書社團「大里人聊天室」表示位於台中大里工業區的光X國中，有男老師要求女兒塞棉條上游泳課，但女學生的媽媽反對，沒想到老師竟要求他們拿出醫生證明，明確寫著「塞棉條有礙身體」或「生理期不適合游泳」。

家長跟校長反映此事，尚未得到回應，但還是忍不住上網問其他網友，會不會按照男老師的指示去做。有網友表示，塞棉條不會影響處女膜，不是一定要有性經驗的人才能使用，況且有時候學生可能因為不想上體育課而謊稱來月經，所以男老師才會有這樣的要求。

不過大部份的網友無法認同這名男老師的要求，紛紛留言表示「這老師有什麼毛病」、「小孩是要拚國家游泳隊? 這麼硬」、「大人塞都不舒服，何況小女生？堅決不能接受」、「月事來不下水是常識吧」、「這老師是怎樣？鬧事」、「如果孩子對綿條使用不夠成熟，漏了出來或感染，後續處理更麻煩」、「是不是變態老師」、「我會拿衛生棉條塞那老師的嘴巴」、「棉條並不影響處女膜…但月經來本來就不用下水要如何舉證」、「月經來不建議下水」、「你要不要直接公布學校跟老師的名字？他們已經在霸凌你女兒了」、「證明就直接給他一片紅通通濕淋淋的衛生棉好了」。


https://www.ctwant.com/article/104377

還蠻無言的
月經來時陰道比平時脆弱更容易受感染
更別說要泡進游泳池那種化學物一堆又滿是大家皮屑細菌口水汗的地方
用棉條是游泳選手或真的很想下水不得不的選擇"
235442734,#分享 My Burberry mini TB bag,"分享這款用了很久還是很喜歡的包包😉
先上之前幫小黑拍的開箱照
https://i.imgur.com/ZPgekKx.jpg
Mini尺寸能放的東西真的很少，但在櫃上試背另外一個尺寸可能因為身形嬌小真的不適合大一點的尺寸
這款屬於荔枝皮紋路
之所以選擇荔枝皮是考慮到耐用度，帆布款、與亮面皮革都是屬於不好照顧的類型🥺
荔枝皮紋屬於上山下海玩到翻都還是很好照顧🥳
所以最後我還是聽櫃姐的建議買了這款💙櫃姐說黑金搭配，他相信這款式不退流行
我也有同感
後來回家背了好幾個月真的越來越耐看🌟才明白很多東西不要太相信第一眼
https://i.imgur.com/NV0oEro.jpg
內容量這些下去真的就勉勉強強了🥺
沒什麼可以再放了..但我本身就不會帶太多東西所以無所謂
但當初真的被這個黑金組合燒到🔥
雖然版上大家都雷金扣很難顧，但我覺得不是只有他們的這樣
要買有金屬的包包之前自己就要考慮清楚🥰
附上一張實背（歪！後面的海跟天空☁️美炸）對海岸線有興趣可以問我哈哈哈😄
https://i.imgur.com/597GcO9.jpg
以上與大家分享分享 ，希望不要再被認了👋🏻🥰
哦對了！Burberry 家的哈密瓜🍈色防塵袋真的好可愛
而且包裝也都好愛💙💙"
235441269,#討論 Kpop好聽的非主打,"說真的好聽的歌實在是太多太多了啦！所以本篇是從我喜歡的團體中挑出我很喜歡又不太熱門的五首非主打，安利給大家，希望大家喜歡

如果有我們家粉絲的歡迎來認親（之前也發過文章，怎麼感覺都沒有女團粉🥺🥺





https://youtu.be/fC_w9r-LxfI
超青澀的我們貝貝，ybk很受歡迎就不推了！一直在zoo.look和這首中糾結，還是推了這首，這首歌很溫暖之外，還有麒麟和椰澀的名場面啊！！！


https://youtu.be/s1nrbp4do98
一樣是超青澀的我們少時，這首歌真的很治癒人心🥺


https://youtu.be/o4GHoqGtRkg
說到粉墨非主打，大家應該都會想到forever young，但是這首也很好聽喔！


https://youtu.be/AkcCCaDUyaU
超好聽的ost，然後孩子們每首歌我真的都超愛薇娟的part，他的聲音超好聽，這首好像有點偏題，那再推薦一首好了，以非主打來說孩子們我最喜歡的應該是maybe🤔我覺得孩子們的非主打，每一首都很有特色
https://youtu.be/X0BJaa3OphA



https://youtu.be/6gcSi8vR-DQ
我會開始聽小女友的歌，還是因為偶然看到他們在商演時唱這首歌，結果音響壞掉，俞宙直接現場飆高音，當時就覺得天哪，他們主唱好厲害


https://youtu.be/2U_fXX1lUGg
第一次聽這首歌是在他們剛出道時，當時的印象就是姜昇潤好可愛🤣


https://youtu.be/V8ddFC4rLWM
我很喜歡他們的歌曲中寫有關於夢想和努力的


補一下文中說的神仙非主打，堪稱非主打之光
https://youtu.be/qF6wlRu9S9E
https://youtu.be/89kTb73csYg

forever young練習室真的超絕，尤其頂跨打歌舞台都看不到"
235441800,#試色 最美血色唇釉✨,"https://i.imgur.com/dWznSDw.jpg

最近等的心慌慌的唇釉終於到貨了👏🏻
就是碧雅的#38號色
之前很多人推 就想入手！
果然一拿到就愛不釋手

立馬附上手上刷色👇🏻
https://i.imgur.com/CbPR6ZA.jpg
顏色是偏深橘棕色～～
在手上刷色很深
但是慢慢在唇上拍開後
就會是自帶濾鏡的美美唇色啦💗

～～～抖蕊咪搜～～～

https://i.imgur.com/OR2FT4F.jpg

膚況有點乾還請大家忽略忽略🙏
🌟唇釉使用心得
味道是偏香精味 開封一陣子後味道就比較散了
質地的部分是絲滑不收乾 但就是會沾口罩😷
顏色就是100分喜歡！！！

🔥🔥🔥喜歡的話也加緊腳步購入吧～～"
235444445,有人洗澡會不自覺造出汗垢球球嗎,"https://i.imgur.com/fJBb1bT.jpg
 對，就是這樣，
這不是手上長出怪東西，
這是一顆精華！"
235445637,#問 發現自己沒能力怎麼辦？,"今年26歲私立商科碩畢，就學期間一直很不積極，學業上得過且過也沒有出彩的證照競賽經驗，過的渾渾噩噩。

之前短暫待過事務所，但自己適應不了工作環境而離職，現在在公股銀行任職。雖然櫃員是大家口中容易上手的工作，但自己粗心又反應慢，常常工作上有缺漏，覺得自己工作上常拖累別人，再加上自己個性陰沉，跟同事長官關係平平淡淡，試用期有極大可能不過。

經過這兩個工作經驗，我對自己的工作能力打上問號。
都唸到碩士了不僅業務能力不足做人處事也不夠圓滑，高分低能的表現，對自己很失望。
家人都勸我要珍惜這份工作，我也覺得這份工作很好，但我卻做不到要求的標準而感到痛苦

現在一直在想如果試用期沒過之後要找什麼工作
英文還可以，不排斥早起且對於餐飲工作有興趣 

以下列出自己想到的職涯選項
1.繼續待金融業考其他公股銀或郵局
2.轉考四等警察
3.家鄉國外業助
4.家鄉會計專員
5.作業員
6.重唸碩士考教職  
7.餐飲工作  餐飲學徒
8.冷氣/裝潢/磁磚/弱電/水電/批土/黑手 學徒
9.唸學分班去跑船 
10.高普考/國營

選345的話應該會再搭配兼職
選6910的話要付出額外成本
家境普通沒經濟壓力，自己物欲也很低
1個月3000-5000就可過活
希望大家能給我一點建議

by對於自己很失望的女子"
235444343,觀察低卡的學生們瞧不起的職業,"肥宅我是社會觀察家啦
沒課的時候就刷刷低卡看看現在大家的主流思想為何
以職業來說啦
我發現低卡的人普遍瞧不起或是仇視某些職業
以下為我觀察到的
：餐飲業，服務業，保險業務，技術員，護理師，公務員，軍人

以上為我觀察到的 本人對這些職業沒有特別的感想

不過板上反而蠻推崇富二代的樣子
啦
我是覺得啦不要用騙或搶賺來的錢都值得尊重啦"
235444293,球場上端火鍋,"https://www.dcard.tw/v2/vivid/videos/7d1d1171-e0c7-4225-9e07-517ee6b898ab?r=0.7625
幹真的不是套好的嗎XDDD
笑到瘋"
235442238,#問 特殊形狀美妝蛋,"https://i.imgur.com/PxSaXkZ.jpg
https://i.imgur.com/Tq1GPx8.jpg
小紅書上好多好可愛的美妝蛋
被燒到不行
想請問各位水水有用過嗎？"
235446475,問這個很漂亮的人是誰,"最近的合作舞台，剛好三團都沒什麼在追，想問板上的各位這位是誰🙏
https://i.imgur.com/gPVxus5.jpg"
235443651,更）市北這樣是偷偷放榜嗎⋯⋯,"我有一一看完大家的回覆了
謝謝很多戰友或是其他朋友的加油
也看到有通過市北初試的留言
真的很恭喜
希望你可以唸到自己想唸的事物
唸輔導諮商向來是自己的夢想
我從指考填志願時與這個領域錯過之後也還是很努力的想擠身進去
我覺得我已經盡我所能
若結果還是不如預期
那真的就是真的不適合吧
期許自己能遇到自己喜歡以及適合自己的地方
不管是研究所或工作都是
——————————————————
正文開始

我真的手賤
我剛剛登入了市北的招生系統
然後看到這個
https://i.imgur.com/N0CHN89.jpg
雖然複試名單明天要星期二才出來
但這個意思是判我死刑了嗎嗚嗚嗚嗚
希望一切只是我誤會了

今年重考第二次
看到清大國北都沒有自己的名字
越來越沮喪
還要等市北跟師大放榜
好煎熬
我一直在阻止自己不要去滑104找工作
要相信希望
但自己一個人時還是會一直想榜單會不會有我...."
235445249,女友有罪惡感（微西斯）,"前幾天跟女友做了  做完之後他哭了  我趕緊安撫他的情緒  並詢問說是不是我弄痛你了  他跟我說是因為怕如果父母知道的話會對他失望所以他有罪惡感（女友父母有跟他說要等結婚之後才可以做  不可以隨便給別人）我跟他說每個人本來就都有慾望  你不要太自責

我跟女友都是對方的第一任  我們已經交往了快三年直到前一陣子才做  但這次並不是第一次  上個月的時侯我就有戴在外面磨一磨然後不小心滑進去  而這次是我們兩個出去住然後我弄一弄之後他跟我說想要我才進去的  

我在想可能是因為住外面不怕別人聽到吧  所以他很主動（他之前都不會自己說想要）才導致了有罪惡感  

想問問他有罪惡感的原因是跟我想的一樣嗎？那這樣我之後是應該要減少碰她的頻率嗎？（就是乾脆都不弄她  然後我有慾望都盡量自己處理好）或者是之後都叫他用吃的不要進去？（女友可以接受吃）"
235444562,主題：💟愛情塔羅💟 他要的感情關係vs 我要的感情關係為何？兩個人的近期發展（曖昧/交往中/斷聯/復合）,"🤗感謝我們之間的連結帶領你來到這裡！ 

主題：💟愛情塔羅💟 他要的感情關係vs 我要的感情關係為何？兩個人的近期發展（曖昧/交往中/斷聯/復合）

本次的大眾占卜適合處在曖昧、交往中、剛斷聯、分手、期待的你，有時候一份感情的重要核心正是在於雙方要的是不是一樣的東西，不見得得要完全相同，但至少如果理解彼此的感情需求，在相處上也能夠更融洽嘍！

⭐️請閉上眼睛，深呼吸，腦子專心裡想著「他要的感情關係是什麼？跟我要的相同嗎？」想想他的樣子，還有兩個人相處的點滴，張開眼睛並從五組牌卡中選出最有連結的,也可以選牌卡下方的邱比特小天使看會不會更有連結喔！

https://i.imgur.com/l6h7i0F.jpg

👼 1號小天使
👼 2號小天使
👼 3號小天使
👼 4號小天使
👼 5號小天使

五個裡面選一組你覺得最有感覺的牌（越專注才會越準確喔！）🤗

往下滑你可以找到詳細文字解答，如果您需要影片解答，可以參考下方⬇️影片
💟視頻時間軸：
🙌🏻 🙌🏻選牌 01:28
👼 1號小天使 05:49
👼 2號小天使 19:24
👼 3號小天使 34:25
👼 4號小天使 48:58
👼 5號小天使 01:04:13
https://youtu.be/SCy_F1qnHA4


文字解答在這裡喔! 
https://i.imgur.com/VCazRpx.jpg
https://i.imgur.com/aplamJo.jpg


https://i.imgur.com/llhm4TS.jpg
https://i.imgur.com/BP27saB.jpg


https://i.imgur.com/qMDkzTp.jpg
https://i.imgur.com/MG1NVMX.jpg


https://i.imgur.com/m4JIUFH.jpg
https://i.imgur.com/40bGZPM.jpg

https://i.imgur.com/oXco9sj.jpg
https://i.imgur.com/vOMISjY.jpg

祝福大家幸福又美滿喔🤗

有空也可以來我的IG坐坐喔🤗 
https://www.instagram.com/starmoon.tarot/"
235441027,#分享 老花古董包 LV 方盒子｜Celine 化妝箱,"近期購入的兩款古董包 可能因為是新歡 所以都讓我愛不釋手(๑•̀ •́)و✧
不過正是古董包的緣故 包況總有些不盡理想的狀況 帶有小瑕疵的部分 我自己都可以接受
為了比較包包的容量 文內有帶到一小部分的what’s in my bag 也有實揹照的部分*ˊᵕˋ



𓎘𓎘𓎘 Louis Vuitton monogram 開口笑方盒子
（名字是參考小紅書介紹）

購入價格：$18,500
購入方式：代購賣場

尺寸：26 x 16 x 11 公分｜容量：暗層*3

首先是這款LV的單肩包(ˊo̴̶̷̤  ̫ o̴̶̷̤ˋ)♡我真的很愛它
原先是想買給媽媽當作生日禮物 但是藏在我房間 每天看著好喜歡
後來又再購入speedy 25送給媽媽 而這款就自己留著用了🙈
https://i.imgur.com/NKej0XI.jpg
https://i.imgur.com/KtchIY9.jpg
https://i.imgur.com/hjkgJ4H.jpg


我對這顆最滿意的部分就是它的容量很充足！除了一些隨身必備的物品以外 平常出門我一定會帶保溫瓶
它不僅可以放入保溫瓶（橫放） 還可以放入小說
（放進去的照片實在是太難拍了⋯所以只有擺出來的照片可以參考）
https://i.imgur.com/O8P5BfL.jpg
https://i.imgur.com/tf5KlPm.jpg


我自己覺得對於個子不高的我揹起來也不會很怪異 還算和我身形匹配（我156公分）
內裡兩側都有暗層 一邊我用來放面紙、濕紙巾 另一邊是放口紅、護唇膏/外側的拉鍊夾層我則是用來放悠遊卡
https://i.imgur.com/7gddDu2.jpg
https://i.imgur.com/6pOpyg8.jpg



𓎘𓎘𓎘 Celine 老花手提化妝箱

購入價格：$11,000
購入方式：代購賣場

尺寸：22 x 7 x 15 公分

再來是這顆Celine小可愛♡♡
相較於近作的老花款式 我自己比較偏好過去舊版的老花
焦糖棕色的花紋很吸引人 內裡是滑順好摸的皮質手感
https://i.imgur.com/eCNKDyE.jpg
https://i.imgur.com/XbtQqnq.jpg
https://i.imgur.com/4dx6k2K.jpg


這顆狀況就比較不好 包蓋上有些甲痕 也有些變形 拉鍊使用時會卡卡的
即使加裝了金鏈 但是揹久了肩膀就會不舒適 摩擦感會越來越嚴重 所以我多半是用手提的方式
https://i.imgur.com/WEOQAPi.jpg


它看上去是小小一顆 可容量絕對是讓人出乎意料的( ᵒ̴̶̷̤◦ᵒ̴̶̷̤ )
跟LV那顆的內容物一樣 除了保溫瓶和小說以外 其他通通放得進去👏🏻👏🏻
不過考慮到容量問題 因此我比較少揹它出門 也沒有實揹照可以提供( ᵕ̩̩ㅅᵕ̩̩ )
https://i.imgur.com/5VlLVSi.jpg
https://i.imgur.com/DSUXmv3.jpg


以上是此次的開箱分享
謝謝看完文章的你♡♡"
235447320,在公車上遇到的超尷尬事件,"剛剛在公車上有一個阿伯下車前跟我說：妹妹你很有愛心欸 讓位置給別人 不像有些人都在裝睡
講完這句話還瞄了一眼旁邊的女生
我當下就笑笑的
可是阿伯
那個女生
-
-
-
是我朋友(^_^;)
幸好阿伯講完就下車了⋯
https://i.imgur.com/htuMwVw.jpg"
235440749,#大眾占卜 🥺。他現在對我的想法是?他的下一步是什麼?我能為這段關係做什麼樣的努力❣,"大家好這裡是金魚🙏
這次的占卜適合斷聯、曖昧、復合的族群

再上圖之前先置入我的IG
https://www.instagram.com/goldenfishtarot

【大眾占卜集合多人能量請選擇有感應的部分聆聽即可】
喜歡有聲版請點連結
喜歡文字下面附上文案
https://youtu.be/xkJHmyl_M7g

https://i.imgur.com/UxnzI6z.jpg
.
.
.
.
.
.
.

https://i.imgur.com/WJwUuWG.jpg
第一組
這個對象之前的感情是很坎坷的，被劈腿還是被騙了錢這都是有可能的，所以他其實把自己關起來很久。
直到遇見了你，他才願意把心房打開，因為跟你相處的過程中，他知道了什麼才是純粹無私的愛，這種感情甚至在他的原生家庭他也未曾感受到。他不由自主的防備讓你受傷，但你的熱情還有正向的感染力讓他開始感受到自己的無知，漸漸的發誓不願讓你再受傷。
所以他的感情以很深刻的方式轉變了，他不會再回到以前的樣子。
這同時帶來了一個副作用，圍繞在他生活中不願意面對的事會開始入侵他的心，這也是他要克服的關卡，他會害怕也把你捲進這樣的麻煩裡，因此，他在感情與你的安全之間選了其中一邊。
或許是因為他也不夠相信自己可以同時擁有，他沒有資本可以去做這樣的豪賭，所以跟你維持了一段安全距離。

他的下一步依循了他保守的個性，面對生活中的關卡，他必須打出安全牌。他自己也相當懊惱，他想要冒著風險突破，無奈現實條件不允許他這樣做，其實只是他沒辦法切斷後路做出抉擇而已，因為他的理性沒辦法配合內心真實的想法做出行動。

你能為這段關係努力的，是相信你的直覺，相信你自己在正面的時候冒出的每個想法，去實踐它，並且找出可以幫忙你的key person，那才是比起空想更為實際的策略。再來，親朋好友們的建議可以聽，但是請選出有建設性的，那些情緒性的抱怨請無視，因為那些看起來有道理但實則無根據的言論是破壞關係的主因。
最後你可能會覺得戀情似乎遙不可及，但是神諭卡要告訴你，萬事俱足，就等待你來創造。

https://i.imgur.com/uzsxrmx.jpg
第二組
你們的關係進展的相當迅速，但是後來停滯的原因我們可以來看看。
首先你們的感情基礎是相當薄弱的，坦白說，你們彼此都沒有準備好要踏入關係裡。
這個對象的確是有看到你的心痛，但是他覺得這是沒辦法的事，因為在他的價值觀裡，發生性關係根本無關緊要，只不過是一種享受，無關乎誓言。而且他似乎也是有好幾個對象同時在交往
這個人本身就像一個蒲公英，隨著風飄，他的感情模式就是如此，哪裡適合他就往哪處去，要改變自己去適應關係很難，因此，就算有很多感情經驗也不會為他帶來精神上的成長。他對你其實也是有真心在，只是他沒有受傷過，沒辦法理解，一個人的愛是有限的這回事。

他的下一步取決於你的反應，如果你願意再付出更多，他就會繼續跟你相處，但實質上他真的擁有太多，很難懂得珍惜。

你能為感情做的努力基本上很簡單，順應他的需求罷了。
但是你能為自己做的努力要不要也考慮一下呢?工作方面，只要你肯投入基本上報酬是絕對有的。步調其實可以放慢一些，人生本來就不需要什麼目的地，而是路途中經過了些什麼，你自己就足夠強大了，需要委屈自己嗎?

https://i.imgur.com/bOCFniI.jpg
第三組
抽到這組的人，我覺得你們的關係應該是相當好的，問題主要是出在你這邊。
你是一個很棒的對象，願意為伴侶犧牲很多個人的時間，或者是資源。
不過現實的條件很殘忍，關於你人生的掌舵權似乎有八成不在你的手上，是在你的家族那邊，有可能你的家族是醫師家族，或是有自己的家業，有一些東西必須是你繼承且無法逃避的，這樣的概念也延伸到你的感情世界，你的對象必須經過家族的認可，你想反抗卻也無可奈何，因為脫離這樣的資源去賭一個未知自由的風險太高了。
你的對象深知這點，他為自己的地位感到心痛，他覺得不管怎麼做都追不上你，你是一個他高攀不起的對象，但是與你相處的時光卻又那麼快樂，這是他不能放棄的感情。
說實在，他的下一步也只能跟自己的命運抵抗，他深知自己就算拼命掙扎也沒辦法來到你這個世界，但他為了你還是得咬牙撐下去，去賭一個看不見的未來。

你現在是否覺得自己就像一顆棋子，有很多選擇都只能眼看著讓他們消失，其實你的所有擔憂都是虛而不實的，沒有人能夠替你自己做選擇，在這之前只是把選擇的權利交給他人而已，是時候取回了吧，你可以藉由與這個黑髮女孩的感情重生。

https://i.imgur.com/wh0iaBo.jpg
其他占卜🐬
https://www.dcard.tw/f/tarot/p/235423885
https://www.dcard.tw/f/tarot/p/235394406
https://www.dcard.tw/f/tarot/p/235380126
https://www.dcard.tw/f/tarot/p/234797159
https://www.dcard.tw/f/tarot/p/234870731
https://www.dcard.tw/f/tarot/p/235136352
https://www.dcard.tw/f/tarot/p/235188138
https://www.dcard.tw/f/tarot/p/234760001
https://www.dcard.tw/f/tarot/p/234723993
https://www.dcard.tw/f/tarot/p/232972108
https://www.dcard.tw/f/tarot/p/232996158
https://www.dcard.tw/f/tarot/p/233063009"
235442177,所以，你要當我女朋友嗎？,"「所以，你要當我女朋友嗎？」我看進她的眼睛，隱約反射出自己的倒影。躺在床上的我們呼吸有些紊亂，午後的陽光肆無忌憚的灑在身上，有點溫暖。

我們的故事，從英國開始。


大學畢業後我跑到英國念碩士，人生地不熟的地方，一個認識的人也沒有，頭幾週的生活常常是一個人吃飯、逛街、看劇度過，再加上那時還沒走出前女友劈腿的陰影，那段時間說實在還滿煎熬的。

幸好後來認識了跟我住在同個宿舍的台灣人Emily。不知道大家身邊有沒有這樣的朋友，人脈超廣、感覺所有人他都知道，Emily就是這樣的存在。我嚴重懷疑她認識我們學校所有的台灣人！託她的福我快速交到許多朋友，當然也包括那個女孩，J。

記得某個週五晚上，Emily邀了一大群人準備在宿舍開火鍋趴，雖然我當天要參加籃球校隊比賽，但預估結束時間剛好，倒也就沒多想。結果後來進入延長賽，結束時已經晚了近20分鐘，我一邊衝回宿舍一邊檢查手機訊息，果然看到Emily傳來的兩則通知
「你比賽結束了嗎？」
「我們等你到再開始煮喔！」

要死喔！這麼多人等我一個，我等等是不是要露出胸部道歉了！

一進宿舍果然十幾雙眼睛立刻射過來，快速掃了一圈，恩很好，大概有一半的人都不認識，更尷尬。

「對不起讓大家久等了，快開始煮吧！」迅速道歉之後，整個氣氛才隨著熱氣蒸騰的火鍋逐漸加溫。

那是我第一次見到J，但那天有太多生面孔，再加上遲到的愧疚感，我對她並沒有太深的印象，只記得她頭髮長長的，眼睛大大的。(倒是她說對我印象很差，說我是遲到大王，乾！)

雖然大家飯後有交換聯絡方式，但因為我跟J不同系，而且她宿舍也離我很遠，基本上不會有任何交集，當時只覺得Line跟IG就禮貌性加一下，卻壓根沒想到，她會在我往後的日子裡，佔有這麼重要的位子..."
